参数1_文本,书名,章节名称
吴观主认真说道：“可惜就可惜在，他不是我白鹤观的弟子。”,天下长宁,楔子
吴观主认真说道：“可惜就可惜在，他不是我白鹤观的弟子。”,天下长宁,请假一阵子
胰腺炎，说是中度危险的那种，要住院啦,天下长宁,请假一阵子
胰腺炎，说是中度危险的那种，要住院啦,天下长宁,第一章山里有座泥菩萨
总有些地方偏僻到连战争都波及不到，所以注定了和锦绣繁华无关。,天下长宁,第一章山里有座泥菩萨
大慈悲山和小慈悲山中间有一条大概七八里宽的豁子，都说这是一道神仙也过不去的天堑。,天下长宁,第一章山里有座泥菩萨
天堑这头是中原，那头是渤海国，这里过不去但五十里外的边关原来能去渤海，可是不久前东韩兵马已经夺取渤海城关截断与中原往来。,天下长宁,第一章山里有座泥菩萨
一辆马车在十二匹雄俊战马的护卫下在大慈悲山的这边停下，车夫下车的时候往四周仔细看了看才打开车门。,天下长宁,第一章山里有座泥菩萨
马车看起来寻常无奇，可留在雪地上深深的车辙印却足以说明这辆马车堪比移动的堡垒。,天下长宁,第一章山里有座泥菩萨
那十二名骑士看起来都高大雄壮，他们身上弓，弩，短刀长刀齐全，所以冷傲，强势，甚至还有些睥睨一切。,天下长宁,第一章山里有座泥菩萨
可都才二十来岁的年纪脸上依然还有偶尔流露出来的稚嫩，以及眼神里小心翼翼藏起来的茫然和担忧。,天下长宁,第一章山里有座泥菩萨
车夫年长，四十岁左右，眉毛上都是冻霜，这让他那双眼睛看起来更像是一双寒潭。,天下长宁,第一章山里有座泥菩萨
“到了。”,天下长宁,第一章山里有座泥菩萨
山脚下有个小村子叫无事村，也许是这村名保佑了这里的百姓们在中原连绵不断的数十年战乱中都平安无事，也许这村名是个封印让这村子里的人一代一代穷困潦倒。,天下长宁,第一章山里有座泥菩萨
无事村里的人已经有几十年没人走出去过，最大的原因简单到只是因为这里无事。,天下长宁,第一章山里有座泥菩萨
马车上下来一个女子，浑身上下没有一件是女人的打扮，穿着一套很厚实的棉衣，一双很厚实的鹿皮靴，戴着一顶同样很厚实的翻毛帽子。,天下长宁,第一章山里有座泥菩萨
所以显得她的脸有些娇小，遮住了大半张脸的毛领也遮住了半壁江山应妩媚，露出来的双眼，则是剩下的半壁江山尽英豪。,天下长宁,第一章山里有座泥菩萨
她有寻常女人少有的英气眉眼，也有那十二名强悍骑士眼神里都没有的淡然和坚定。,天下长宁,第一章山里有座泥菩萨
她看了一眼车夫，又看了看那十二名骑士中的领队。,天下长宁,第一章山里有座泥菩萨
“陆吾，你去，客气些。”,天下长宁,第一章山里有座泥菩萨
年轻冷傲的骑士队正随即跳下战马，大步朝着这个在帝国版图上但似乎注定了永远不会出现在陛下书房里那张巨大舆图上的小村子走去。,天下长宁,第一章山里有座泥菩萨
不远处的土墙上坐着两个看起来雄壮而又呆傻的汉子，一个歪着头看那十二名武装到牙齿的骑士像是看着什么好玩的东西，一个手里拿着个冻萝卜啃的咯嘣咯嘣响，等陆吾走过的时候，那两个家伙就咧开嘴傻笑，露出满嘴黄牙。,天下长宁,第一章山里有座泥菩萨
气质独特的女子缓步走到村口，这个全是木屋篱笆院的小村子外居然有一座显得格格不入的泥塑。,天下长宁,第一章山里有座泥菩萨
做工很粗糙，粗糙的让人觉得还有些用力过猛，似乎是想大声告诉人这泥塑很了不起，偏偏塑造出来的就像个衣衫褴褛也样貌模糊的家伙。,天下长宁,第一章山里有座泥菩萨
他们大概是想塑一位将军出来吧，因为泥塑手里有一杆木头做的长枪。,天下长宁,第一章山里有座泥菩萨
这泥塑就在无事村的风水口上，村子里没人懂风水学说，年纪最大的那位老猎户总说，泥塑会为无事村招惹来大事。,天下长宁,第一章山里有座泥菩萨
没多久，这位老猎户就被请到了村口泥塑旁，村子没有正经的里正，老猎户就是村子里的主事。,天下长宁,第一章山里有座泥菩萨
村民们自然也不懂得威望这两个字是什么意思，但没人不服他。,天下长宁,第一章山里有座泥菩萨
队正陆吾用他能表现出来的最大的和气问老人家道：“我打听过，说这村子里您做主？”,天下长宁,第一章山里有座泥菩萨
老猎户点头：“是。”,天下长宁,第一章山里有座泥菩萨
然后补充：“小事做主。”,天下长宁,第一章山里有座泥菩萨
陆吾问：“那大事呢？”,天下长宁,第一章山里有座泥菩萨
老猎户回答：“大事占卜。”,天下长宁,第一章山里有座泥菩萨
陆吾有些想笑，这种穷乡僻壤里的人往往更为迷信，明明连个大字都不认识，偏偏还喜欢装的高深莫测。,天下长宁,第一章山里有座泥菩萨
他不打算浪费时间，所以微笑着说道：“我们想进山打些猎物，最好是大一些的，所以得进山深一些，他们说您是最好的猎人，您能带我们进山吗？”,天下长宁,第一章山里有座泥菩萨
老猎人低头看了看他的瘸腿，那张有一道贯穿上下伤疤的脸上表情微妙。,天下长宁,第一章山里有座泥菩萨
陆吾心急，想催老人回答，气质独特的女人却在这时候上前，声音轻柔的问道：“老伯，这泥塑是谁？”,天下长宁,第一章山里有座泥菩萨
老猎人回答的很快：“菩萨。”,天下长宁,第一章山里有座泥菩萨
年轻女子又看了看那持枪的菩萨泥像，眼神飘忽了一下。,天下长宁,第一章山里有座泥菩萨
陆吾却忍不住笑道：“哪有供奉泥菩萨的道理。”,天下长宁,第一章山里有座泥菩萨
老猎人回答的还是很快：“因为我们村子穷苦，只供奉的起泥身，菩萨不会因为你供奉的是金身就多护佑你，也不会因为你供奉泥身就不护佑你，菩萨护佑，只看你供奉之心诚不诚。”,天下长宁,第一章山里有座泥菩萨
陆吾听完这番话若有所思的点了点头，同时对这刁蛮之地的老猎户多了几分敬佩。,天下长宁,第一章山里有座泥菩萨
年轻女子则问了一声：“老伯读过书？”,天下长宁,第一章山里有座泥菩萨
老猎户脸色微变，摇头道：“没读过，怎么想的就怎么说。”,天下长宁,第一章山里有座泥菩萨
陆吾好奇的问：“这是什么菩萨，为何还要持枪？”,天下长宁,第一章山里有座泥菩萨
老猎人回答的依然快：“不是枪，是拐棍儿。”,天下长宁,第一章山里有座泥菩萨
陆吾还要问，年轻女子看向他说道：“说正事。”,天下长宁,第一章山里有座泥菩萨
陆吾心说自己竟是被这老猎户带偏了，所以连忙说道：“老伯到底能不能带我们进山？”,天下长宁,第一章山里有座泥菩萨
老猎户摇头：“前年进山遇到了头兴许能有近千斤的沙里干子，我命大，只断了一条腿毁了半张脸，但再也上不了山了。”,天下长宁,第一章山里有座泥菩萨
陆吾问：“沙里干子是什么？”,天下长宁,第一章山里有座泥菩萨
始终沉默寡言的车夫此时自言自语似的说道：“人熊，若真有千斤重，一巴掌人就能没半截，遇着了，活下来不容易。”,天下长宁,第一章山里有座泥菩萨
陆吾掏出钱袋子说：“我们愿意出一百两，就奔着那头人熊去，万一遇着了，还能为你老人家报个仇。”,天下长宁,第一章山里有座泥菩萨
老猎户还是摇头。,天下长宁,第一章山里有座泥菩萨
陆吾道：“那就二百两，二百两还少就三百两？”,天下长宁,第一章山里有座泥菩萨
老猎户依然摇头。,天下长宁,第一章山里有座泥菩萨
年轻女子忽然问道：“老伯能从熊王嘴里逃生，应该不是一个人上的山？”,天下长宁,第一章山里有座泥菩萨
老猎户道：“是我一个人，我命好，赶上沙里干子不饿，没祸害我。”,天下长宁,第一章山里有座泥菩萨
旁边围观的一个小孩儿疑惑道：“不是大傻哥二傻哥跟你一起去的吗？我瞧见了，还是大傻哥二傻哥抬你回来的。”,天下长宁,第一章山里有座泥菩萨
老猎户一回头，眼神凶狠：“你年纪小记得什么！”,天下长宁,第一章山里有座泥菩萨
小孩子被吓了一跳，瞬间脸白，在他印象中老猎户从来都是和颜悦色，哪有过这般面露凶相？,天下长宁,第一章山里有座泥菩萨
年轻女子声音很轻的对陆吾说道：“老伯家里人能斗得过熊王还把老伯抬回来，本事应不比老伯差。”,天下长宁,第一章山里有座泥菩萨
陆吾点头，上前道：“老伯，只带我们进山别的不用管，五百两，您看行不行？”,天下长宁,第一章山里有座泥菩萨
老猎户问：“我拿你五百两去哪儿花？”,天下长宁,第一章山里有座泥菩萨
陆吾道：“出去花啊，五百两可以在长安置办两座不差的宅子了，你让家里人带你去长安见见世面，比你这里好的多。”,天下长宁,第一章山里有座泥菩萨
老猎户摇头道：“无事村的人，不出去。”,天下长宁,第一章山里有座泥菩萨
就在这时候，有个声音在远处响起，听着还有些稚嫩，还有些这偏僻之地不该有的玩世不恭。,天下长宁,第一章山里有座泥菩萨
“你给多少银子他都不会答应，和他谈也没用，不如和我谈。”,天下长宁,第一章山里有座泥菩萨
说话的是个看起来十五六岁的少年，已有寻常男子身高，身上衣服旧但不破，和长时间不洗澡的村民相比脸上也干净的多，说话的时候带着些油滑，可看向那貌美女子的时候眼神纯澈。,天下长宁,第一章山里有座泥菩萨
在他身边是一个看模样十七八岁的年轻人，比少年高了有小半个头，穿着的衣服一样旧而不破，比陆吾身形还要修长强健，一身臃肿皮袄也遮不住虎背猿腰。,天下长宁,第一章山里有座泥菩萨
刚才被吓坏了的小孩儿看到他俩出现立刻就笑起来，挥着手喊：“二傻哥，大傻哥。”,天下长宁,第一章山里有座泥菩萨
年轻女子心里微微一动。,天下长宁,第一章山里有座泥菩萨
先喊的是二傻哥。,天下长宁,第一章山里有座泥菩萨
少年走到近前，从补丁套补丁的衣服里口袋里摸出来一块干硬肉块递给那孩子，贴着孩子耳边说：“阿爷老糊涂了，你没记错是阿爷记错了，但咱不和他争，就让他糊涂着。”,天下长宁,第一章山里有座泥菩萨
小孩子立刻开心起来，比拿了肉干还要开心。,天下长宁,第一章山里有座泥菩萨
大傻哥就站在那，像是个木头人不苟言笑。,天下长宁,第一章山里有座泥菩萨
这是两个太不像傻子的人，大傻看起来雄健异常，面容冷峻棱角分明。,天下长宁,第一章山里有座泥菩萨
二傻，不管是脸型还是眉目和大傻都不一样，相比来说五官柔和许多，人秀气一些。,天下长宁,第一章山里有座泥菩萨
老猎户看到他们表情明显异常起来，眼神里有埋怨也有气愤。,天下长宁,第一章山里有座泥菩萨
二傻朝着老猎户嬉皮笑脸，老猎户瞪着他：“你敢去，打折你腿。”,天下长宁,第一章山里有座泥菩萨
二傻道：“回来再打。”,天下长宁,第一章山里有座泥菩萨
他看向年轻女子说道：“五百两说好的价钱不能变。”,天下长宁,第一章山里有座泥菩萨
年轻女子点头：“好。”,天下长宁,第一章山里有座泥菩萨
二傻又说：“只进山不出山，不管往哪边儿都不出。”,天下长宁,第一章山里有座泥菩萨
陆吾等人表情有细微变化，但年轻女子神色不动的再次点头：“好。”,天下长宁,第一章山里有座泥菩萨
听到二傻这句话，老猎户似乎态度也稍显缓和。,天下长宁,第一章山里有座泥菩萨
二傻回头看向面无表情的大傻：“老大你去收拾东西，明早出发。”,天下长宁,第一章山里有座泥菩萨
陆吾此时插嘴道：“明早不行，今天就得出发。”,天下长宁,第一章山里有座泥菩萨
见二傻略显犹豫，陆吾道：“可以加钱。”,天下长宁,第一章山里有座泥菩萨
二傻摇头：“谈好的价哪有随便改的。”,天下长宁,第一章山里有座泥菩萨
陆吾想着这大概就是为什么村民叫他二傻。,天下长宁,第一章山里有座泥菩萨
但很快他就觉得二傻不傻了，因为二傻忽然问了一句：“我可以问两个问题再提个条件吗？”,天下长宁,第一章山里有座泥菩萨
陆吾刚要问什么是什么，年轻女子回答道：“可以。”,天下长宁,第一章山里有座泥菩萨
二傻笑起来，牙齿真的很漂亮。,天下长宁,第一章山里有座泥菩萨
他问：“你们是从长安来？”,天下长宁,第一章山里有座泥菩萨
年轻女子回答：“是从长安来。”,天下长宁,第一章山里有座泥菩萨
二傻再问：“那你们还回长安去吗？”,天下长宁,第一章山里有座泥菩萨
年轻女子回答：“回长安去。”,天下长宁,第一章山里有座泥菩萨
二傻又笑了，笑的更灿烂，有点莫名其妙，看得出来他是真开心，有点像是含辛茹苦的老父亲总算盼到了傻儿子娶媳妇的那天。,天下长宁,第一章山里有座泥菩萨
陆吾提着防备之心的问：“什么条件？”,天下长宁,第一章山里有座泥菩萨
二傻指向那个已经走远的木头人：“记住他的名字，他叫叶扶摇。”,天下长宁,第一章山里有座泥菩萨
原本以为这二傻不傻的陆吾此时忍不住在心里稍显自嘲的笑了笑......他暂时理解不了为什么二傻提出的条件是记住大傻的名字。,天下长宁,第一章山里有座泥菩萨
以至于暂时忽略了，为什么这般地方的人名字不是铁蛋不是土生而是扶摇？,天下长宁,第一章山里有座泥菩萨
年轻女子却郑重起来，像是答应了什么天大的事一样回答道：“记住了。”,天下长宁,第一章山里有座泥菩萨
二傻学着年轻女子的样子抱拳，一样很郑重的说：“谢谢。”,天下长宁,第一章山里有座泥菩萨
年轻女子问：“你叫什么名字？”,天下长宁,第一章山里有座泥菩萨
二傻的回答和他这个人一样莫名其妙：“一个就够了，贪心遭报应。”,天下长宁,第一章山里有座泥菩萨
年轻女子不知道为什么又看向那座泥塑，此时阳光照在泥塑上，隐隐约约好像能看出一片一片的鳞，又或是一片一片甲。,天下长宁,第一章山里有座泥菩萨
二傻说：“丑是丑了点。”,天下长宁,第一章山里有座泥菩萨
陆吾略显讥讽的笑道：“菩萨不在乎美丑。”,天下长宁,第一章山里有座泥菩萨
二傻撇嘴：“菩萨这也不在乎那也不在乎，能成菩萨？”,天下长宁,第一章山里有座泥菩萨
他也看那泥菩萨：“只是手里没钱的百姓觉得菩萨就该这样，什么都不在乎还能普度众生，有钱人大概都希望菩萨应该在乎点什么，最起码得在乎钱，不然何必争头香？心诚不就够了？”,天下长宁,第一章山里有座泥菩萨
老猎户瞪了他一眼。,天下长宁,第一章山里有座泥菩萨
年轻女子觉得二傻有些矫情，大概底层人都会有的那种矫情，可是，这样偏僻落后的村子里本该连这矫情都没有才对。,天下长宁,第一章山里有座泥菩萨
因为那些村民们看他们乘车骑马只有好奇和惊讶，连嫉妒都没有。,天下长宁,第一章山里有座泥菩萨
她又问出了那个问题：“你读过书？”,天下长宁,第一章山里有座泥菩萨
二傻点头：“读过些。”,天下长宁,第一章山里有座泥菩萨
她有些不像她似的追问：“谁教的？”,天下长宁,第一章山里有座泥菩萨
二傻回答：“我娘。”,天下长宁,第一章山里有座泥菩萨
她更不像她似的再次追问：“你娘呢？”,天下长宁,第一章山里有座泥菩萨
二傻看着那泥菩萨笑：“丑是丑了点......我娘塑的，塑完就走了，病殃殃十几年，最后剩下的那点力气九成都在这了，还有一成力气，喊了喊我哥，喊了喊我......”,天下长宁,第一章山里有座泥菩萨
隐隐约约的，那有气无力又震耳欲聋的声音好像回来了，或者，一直在他脑子里就没消失过。,天下长宁,第一章山里有座泥菩萨
“蒜头啊，你得护着姜头。”,天下长宁,第一章山里有座泥菩萨
“蒜头啊，你得护着姜头。”,天下长宁,第二章一山不容二虎
泥菩萨也就是在这个苦寒的地方才能命长些，换做温热多雨的南方早就一层一层被剥开，从身到心。,天下长宁,第二章一山不容二虎
小名叫半夏的少女在听到老猎户朝着那少年叫了一声姜头的时候，莫名其妙多了几分懊恼。,天下长宁,第二章一山不容二虎
她不喜欢懊恼，更不喜矫情，在她察觉到自己竟是因为个巧合而矫情的时候，她把视线从那个姜头身上挪开转移到了蒜头身上。,天下长宁,第二章一山不容二虎
那是个沉默寡言的男人，有着东北极寒环境下的棱角分明和让人不愿靠近的淡淡危险气息。,天下长宁,第二章一山不容二虎
蒜头和姜头似乎才更符合这个地方的人取名的习惯，而不是扶摇这样的字眼。,天下长宁,第二章一山不容二虎
因为知道了大哥叫叶扶摇所以少女对叶姜头的名字更为好奇，但她从来都是一个忍得住好奇的人，从她才刚刚懂得好奇这两个字是什么意思开始，她就学会如何藏起好奇。,天下长宁,第二章一山不容二虎
藏起好奇很难，必须有极强的自制和敏锐的察觉以及不断的反思，然后付诸于行动......闭嘴。,天下长宁,第二章一山不容二虎
因为刚才想到生姜与半夏所以瞬息而生的懊恼，少女忽然间又敏锐的抓住了蒜头和姜头这两样东西在这苦寒之地的重要。,天下长宁,第二章一山不容二虎
这样冷的地方对人格外不友好，蒜可以让血液流动的更顺畅些，医书上是这么写的，而生姜除了可以中和半夏的毒之外还能驱寒。,天下长宁,第二章一山不容二虎
于是，少女的好奇心逐渐转移到了那位母亲身上，那该是一个有学识又朴素的女人，敬畏严寒，所以只是用蒜头和姜头这样的名字来帮孩子自保而非对抗。,天下长宁,第二章一山不容二虎
那她对命运的态度也是这样敬畏吗？若是，那为何在这穷乡僻壤却给长子取名扶摇？若这是对长子的期盼，那她对次子又期盼什么？,天下长宁,第二章一山不容二虎
就在这时候陆吾走过来压低声音说道：“咱们的东西足够，可要是带上更多的绳索之类就只能放弃一部分兵器装备。”,天下长宁,第二章一山不容二虎
少女看着那个越看越像是一位将军的泥塑像是走了神，片刻后回答道：“先应付山。”,天下长宁,第二章一山不容二虎
陆吾嗯了一声，回身吩咐道：“尽量多的带上绳子！”,天下长宁,第二章一山不容二虎
“后边追来的人大概也快到了，前边的路不知道能不能过去......”,天下长宁,第二章一山不容二虎
看起来冷静且有些傲气的陆吾在自言自语这些的时候，明显有些退意。,天下长宁,第二章一山不容二虎
少女像是在听他的话，可视线却飘忽在不远处的那一老一少身上。,天下长宁,第二章一山不容二虎
老猎户坐在那看着收拾东西，脸色绷着。,天下长宁,第二章一山不容二虎
“我怎么会有你这样一个贪财的孙子。”,天下长宁,第二章一山不容二虎
叶姜头一边认真的绑腿一边回应：“没钱将来怎么给你风光大葬，前年你带我去镇上的时候我见过富户出殡，有纸马纸楼，还有几个看着就水灵的纸人，那时候我就给你相中了。”,天下长宁,第二章一山不容二虎
老猎户愣了一下，然后骂：“小王八蛋。”,天下长宁,第二章一山不容二虎
叶姜头绑好绑腿然后瞄了一眼大哥那边，然后从地上捡了两颗石子走过去。,天下长宁,第二章一山不容二虎
老猎户看着他喊：“相中几个啊？细说，细说哪儿好。”,天下长宁,第二章一山不容二虎
少女听到这话噗嗤一声笑了，然后才意识到自己走神。,天下长宁,第二章一山不容二虎
而此时陆吾还在喋喋不休般说着：“自从咱大宁立国之后黑武就一直压着周边各国不许与大宁建立邦交，原本东韩和渤海都想给黑武当走狗，只不过渤海紧挨着咱们所以摇摆不定，现在黑武指使东韩要把渤海灭了，渤海真若灭国大宁就被东韩钳制住整个东北......”,天下长宁,第二章一山不容二虎
少女看到叶姜头走到叶扶摇身边伸出手：“猜错的背。”,天下长宁,第二章一山不容二虎
叶扶摇回答：“单。”,天下长宁,第二章一山不容二虎
他收拾出来两个行囊，一个大一个小，相对来说，大的那个人若背着该像是背起个小山包一样。,天下长宁,第二章一山不容二虎
叶姜头则得意的笑起来：“每次你都错。”,天下长宁,第二章一山不容二虎
叶扶摇没回应，看起来他对自己这个弟弟的态度和对外人的态度并无多大区别。,天下长宁,第二章一山不容二虎
少女看着这一幕总觉得哪里不对劲，也知道这不对劲和自己无关可就是想看。,天下长宁,第二章一山不容二虎
她根本就没有在听陆吾说什么，又或许那些话她比陆吾还要清楚的多。,天下长宁,第二章一山不容二虎
陆吾则还一脸深沉的说着：“渤海国君本来也想给黑武当狗，可黑武嫌弃不要他，渤海丞相韩元载劝他向大宁亲善他又觉得大宁不如黑武，韩元载说，世人皆知太阳光盛而月光弱，我们这些晒不到太阳的人又有什么资格挑剔月光够不够亮？”,天下长宁,第二章一山不容二虎
他像是在炫耀自己的见识般说着：“韩元载是个聪明有见识的，一路艰难险阻到了大宁却只剩他一个了，他才到咱这家却快没了，病重临死还向陛下哀求救救渤海......”,天下长宁,第二章一山不容二虎
这一刻陆吾看向少女眼神里都是钦佩：“鸿胪寺那边一直想通过谈判施压，兵部已经在调集人马，可都来不及，兵马到了渤海都灭国了，咱们出兵又名不正言不顺，咱们若真能把渤海国君或是太子救出来，那就师出有名了......”,天下长宁,第二章一山不容二虎
说到这他才发现，少女的眼神一直都在那对傻兄弟身上。,天下长宁,第二章一山不容二虎
于是他看那两兄弟更不顺眼起来，尤其是那个明明土里土气可还总表现的很冷傲的大哥。,天下长宁,第二章一山不容二虎
少女此时却看到大傻把明显更重的那个行囊挂在叶姜头身上，而他自己却背起来一个小的。,天下长宁,第二章一山不容二虎
猎户家里只有一柄猎叉也被叶扶摇拎在手里，叶姜头就像个背起一座山的可怜虫。,天下长宁,第二章一山不容二虎
叶姜头说：“我赢了。”,天下长宁,第二章一山不容二虎
叶扶摇看了看他，没说话。,天下长宁,第二章一山不容二虎
而那个看起来像是更疼叶姜头一些的老猎户对此却毫无反应，只是喊了一声：“蒜头，照顾好姜头。”,天下长宁,第二章一山不容二虎
叶扶摇依然没回应，微皱的双眉之间似乎还有些淡淡的厌烦。,天下长宁,第二章一山不容二虎
他步伐从容的往前走，甚至没有和雇主说过一句话。,天下长宁,第二章一山不容二虎
而背着大行囊的叶姜头还在傻笑，吃的喝的御寒的都在他身上压的他弯了腰他却依然没心没肺。,天下长宁,第二章一山不容二虎
“蒜头......呵呵。”,天下长宁,第二章一山不容二虎
陆吾忍不住冷笑起来，本以为会激怒叶扶摇，可叶扶摇却连点反应都没有，率先朝着山里走去。,天下长宁,第二章一山不容二虎
叶姜头走过的时候陆吾忍不住问：“你哥是个哑巴？”,天下长宁,第二章一山不容二虎
叶姜头居然笑呵呵的回应说：“小时候听到他哭过，应该不是哑巴。”,天下长宁,第二章一山不容二虎
陆吾愣住。,天下长宁,第二章一山不容二虎
叶姜头说：“走吧，走到山顶最少也得两天，再耽误会错过宿头。”,天下长宁,第二章一山不容二虎
陆吾嗯了一声招呼他手下那些精锐骑士跟上，战马和马车不得不暂时留在无事村。,天下长宁,第二章一山不容二虎
少女像是漫不经心的走在叶姜头身边问：“我们没有说过要去山顶。”,天下长宁,第二章一山不容二虎
叶姜头笑：“那更好。”,天下长宁,第二章一山不容二虎
明明从小就知道应该收起好奇心的少女，在认识这兄弟二人后却好像逐渐控制不住了她自己给自己定下的森严戒律。,天下长宁,第二章一山不容二虎
在她成长起来的那个环境之中，好奇真的会害死人，也许是自己，也许是在乎的人。,天下长宁,第二章一山不容二虎
她看起来像是淡然从容可她终究也只是个才十六岁的少女，她从不愿意强行去认识什么人更不愿意被什么人认识。,天下长宁,第二章一山不容二虎
也许是到了这样一个和她成长环境截然不同的地方，她很想认识一下这个叫姜头的家伙。,天下长宁,第二章一山不容二虎
“你为什么想把你哥送走？”,天下长宁,第二章一山不容二虎
叶姜头以斜上角度看着天空说：“因为一山不容二虎，他走了，家业都是我的！”,天下长宁,第二章一山不容二虎
在他俩身后的陆吾忍不住就笑了，心说自己在某个时间段里竟然还怀疑过这小子的傻都是装出来的。,天下长宁,第二章一山不容二虎
走在最前边开路的叶扶摇应该是也听到这句话了，但依然毫无反应。,天下长宁,第二章一山不容二虎
叶姜头背着个重重的行囊走的却并不吃力，相对来说那些看起来精悍强壮的骑兵下了马开始登山之后还远不如他。,天下长宁,第二章一山不容二虎
不是冬天但这里依然冷的让人怀疑自己能不能熬过黑夜，为了印证这一点黑夜很快就来了。,天下长宁,第二章一山不容二虎
大慈悲山对于想要征服她的人来说一点都不慈悲，她的挣扎抵抗足以让任何想爬上她的人万劫不复。,天下长宁,第二章一山不容二虎
黑暗降临后十二个锐士很快就搭建起来一个简单的防御圈，少女和那个沉默寡言的车夫在最里边。,天下长宁,第二章一山不容二虎
哪怕他们以为自己准备的足够充分，大慈悲山的夜还是让他们明白了什么叫自不量力。,天下长宁,第二章一山不容二虎
夜风袭来，那些穿着皮甲的锐士一个个冻得牙齿都在打颤。,天下长宁,第二章一山不容二虎
陆吾使劲儿往火堆里又扔了几根干柴之后，终究还是忍不住骂了一声：“老子宁愿和那个什么狗扯的沙里干子干一架，最起码不至于冻死在这。”,天下长宁,第二章一山不容二虎
说到这他看向那车夫问道：“器叔，你觉得我打得过人熊吗？”,天下长宁,第二章一山不容二虎
器叔看了看脸色明显发白的少女，把自己身上的皮氅脱下来披在她身上。,天下长宁,第二章一山不容二虎
但，似乎无济于事。,天下长宁,第二章一山不容二虎
她从小体寒，知道的人不多，冬天大部分时候她都守着个火炉窝在廷尉府的案牍库里看那些卷宗，或是在某个地方一次一次重复着同样的动作直到练出汗水来。,天下长宁,第二章一山不容二虎
“若真是能活到千斤重的熊王，皮毛上都是蹭的树脂和沾上的砂砾比你们的皮甲还要坚韧，说刀枪不入也许过了些，但寻常的羽箭根本打不穿。”,天下长宁,第二章一山不容二虎
或许是想分散一下少女艰难御寒时候的注意力，不怎么爱说话的器叔明显话多了起些。,天下长宁,第二章一山不容二虎
“莫说你自己，你带个五人队联手作战的话，工具齐全，再配合默契，兴许能赢。”,天下长宁,第二章一山不容二虎
陆吾不服气的哼了一声：“凭我们手里的黑线刀和连弩，还需五人队联手？”,天下长宁,第二章一山不容二虎
器叔说：“还要折损一半，因为这是山里。”,天下长宁,第二章一山不容二虎
陆吾更不服气了。,天下长宁,第二章一山不容二虎
他侧头看向那防御圈之外的两兄弟，心说那样两个傻货都能抬着个受伤的老家伙在熊王掌下脱身难道自己还不如他们？,天下长宁,第二章一山不容二虎
他朝着叶姜头喊：“人熊真的很厉害？”,天下长宁,第二章一山不容二虎
叶姜头回头看他，一边打开那巨大的行囊一边笑着回应：“厉害的很，有一个半你那么高，皮子扒下来能做两件大皮袄，风都打不透。”,天下长宁,第二章一山不容二虎
陆吾冷哼着道：“那你们是怎么逃的？”,天下长宁,第二章一山不容二虎
叶姜头掏出来一件很大的皮袄扔给大傻，叶扶摇伸手接住后迅速穿好，手里拿着猎叉，注视着黑暗的山林。,天下长宁,第二章一山不容二虎
叶姜头又掏出来一件大皮袄自己披上，然后才回答：“没跑。”,天下长宁,第二章一山不容二虎
陆吾笑道：“又吹牛逼，不过也对，一山不容二虎，你俩都虎，俩虎打熊瞎子应该能行。”,天下长宁,第二章一山不容二虎
他手下的锐士全都笑了起来，笑的前仰后合，似乎在这一瞬间，山里刺骨的风都没那么可怕了。,天下长宁,第二章一山不容二虎
叶姜头只是笑，笑的时候好像看了看那个蜷缩在火堆旁的少女。,天下长宁,第二章一山不容二虎
器叔的眼睛里，有光闪烁。,天下长宁,第二章一山不容二虎
陆吾也在笑，笑着笑着就发现叶姜头把那件大皮袄脱下来，走进火堆旁边后把皮袄放在少女身边：“穿上吧，风打不透。”,天下长宁,第二章一山不容二虎
少女拒绝：“你呢？”,天下长宁,第二章一山不容二虎
叶姜头笑起来的时候，火光照亮了他洁白的牙齿和纯澈的眼神。,天下长宁,第二章一山不容二虎
他说：“我没事，你可别冻死了，你死了谁给我钱？我阿爷那纸人还指望着你们呢。”,天下长宁,第二章一山不容二虎
他一边往防御圈外边走一边说道：“你们可别骗我，我们没见过银子，其实也不知道，五百两有多少。”,天下长宁,第二章一山不容二虎
他说到这回头看向少女：“皮袄有帽子，可以戴上。”,天下长宁,第二章一山不容二虎
少女莫名其妙的听话，穿上皮袄的时候往后翻了翻，果然翻出来个连在皮袄上的帽子，在戴好的那一刻，所有人都倒吸了一口冷气。,天下长宁,第二章一山不容二虎
那帽子，是一个巨大的熊头。,天下长宁,第二章一山不容二虎
叶姜头出了防御圈之后在行囊里翻出来个满是补丁的破棉衣裹在身上，而叶扶摇在这一刻回头看了他一眼，丝毫也不掩饰那看一个白痴一样的眼神。,天下长宁,第二章一山不容二虎
嫌弃的很。,天下长宁,第二章一山不容二虎
嫌弃的很。,天下长宁,第三章最是年少不矫情
或许是因为陆吾觉得叶姜头不可能有威胁，所以他对笑起来人畜无害的少年没什么戒备心。,天下长宁,第三章最是年少不矫情
见叶姜头从包裹里摸索出来一块干硬的饼子配着冷水吃，陆吾起身离开火堆。,天下长宁,第三章最是年少不矫情
他把热水递给叶姜头后又把自己带的肉干递过去些，叶姜头接过热水后满眼都是欢喜，却把肉干塞进衣服口袋里，显然没打算吃。,天下长宁,第三章最是年少不矫情
陆吾问：“你为什么叫姜头？”,天下长宁,第三章最是年少不矫情
叶姜头笑着回答：“因为我娘让我叫姜头。”,天下长宁,第三章最是年少不矫情
陆吾心说这算什么答案，然后想了想好像这就是最好的答案。,天下长宁,第三章最是年少不矫情
他还想问什么的时候，只捧着水杯暖了片刻的叶姜头就起身将热水递给了他哥。,天下长宁,第三章最是年少不矫情
那个闷葫芦一样的家伙也没有任何表示就把热水接过去，一口一口的喝着。,天下长宁,第三章最是年少不矫情
“我给他的！”,天下长宁,第三章最是年少不矫情
陆吾莫名其妙的恼火起来，大声朝着叶扶摇喊了一声。,天下长宁,第三章最是年少不矫情
这次叶扶摇回应了，简短且生硬。,天下长宁,第三章最是年少不矫情
“他不需要。”,天下长宁,第三章最是年少不矫情
听到这四个字陆吾立刻就按捺不住火气，上去一把抓向叶扶摇的肩膀：“把水还给我！”,天下长宁,第三章最是年少不矫情
叶扶摇纹丝没动。,天下长宁,第三章最是年少不矫情
在长安城那座新建的集合了许多青年才俊的学院里也小有名气的陆吾脸色一变，更生出好胜之心。,天下长宁,第三章最是年少不矫情
他持续发力以至于手背上青筋暴起，而叶扶摇站在那完全无视他依然一口一口的喝着热水。,天下长宁,第三章最是年少不矫情
直到这一杯水喝完后叶扶摇把杯子扔给叶姜头，叶姜头接住后趁着杯子还有余热温了温手心。,天下长宁,第三章最是年少不矫情
火堆旁边的少女本想让陆吾回来，可也不知道是出于什么念头最终并未开口。,天下长宁,第三章最是年少不矫情
被叶扶摇无视了的陆吾莫名发狠，另一只手朝着叶扶摇的后颈抓过去。,天下长宁,第三章最是年少不矫情
然而就在那只手即将触碰到叶扶摇的瞬间，叶扶摇忽然弯着腰往前冲了出去。,天下长宁,第三章最是年少不矫情
“想跑？！”,天下长宁,第三章最是年少不矫情
陆吾发力要追。,天下长宁,第三章最是年少不矫情
然后他就看到叶扶摇朝着黑暗之中伸出手，下一息那只大手就攥着什么东西扯了回来。,天下长宁,第三章最是年少不矫情
陆吾在看清楚后眼睛瞬间就睁大了，下意识迅速后撤。,天下长宁,第三章最是年少不矫情
叶扶摇左手攥着一头狼的嘴巴硬生生把狼拖出来，那狼张不开嘴发出呜呜的闷声四腿乱蹬又无济于事。,天下长宁,第三章最是年少不矫情
也许是因为恐惧，那狼在挣扎的时候还洒出来些尿液。,天下长宁,第三章最是年少不矫情
陆吾此时才反应过来立刻喊了一声：“戒备！可能有狼群！”,天下长宁,第三章最是年少不矫情
十一名锐士立刻起身，左手抓了连弩右手抽出横刀。,天下长宁,第三章最是年少不矫情
“没狼群。”,天下长宁,第三章最是年少不矫情
叶姜头看了看那狼说道：“母的，夜里还找食儿，应该是孤狼还要养崽儿，它听到声音踅摸过来的。”,天下长宁,第三章最是年少不矫情
叶扶摇左手一抖一扭，那母狼的脖子先是折了个弯又旋转了一圈，他随手把尸体扔向火堆那边，然后又变回了那个木头人。,天下长宁,第三章最是年少不矫情
陆吾觉得自己脸上有些烫，在这样的环境下别说叶扶摇他好像连姜头都不如。,天下长宁,第三章最是年少不矫情
越如此，越是火气大。,天下长宁,第三章最是年少不矫情
他怒问：“你想砸谁？！”,天下长宁,第三章最是年少不矫情
器叔在他身后说道：“趁着还没凉透把血放一放，剥皮留肉没准用的上。”,天下长宁,第三章最是年少不矫情
陆吾这才醒悟过来，转身看向那母狼的尸体抽出匕首，走了两步后把匕首扔给手下一名锐士：“按器叔说的办。”,天下长宁,第三章最是年少不矫情
接了匕首的锐士脸色格外难看，犹豫了好久最终想到了叶姜头应该能干这事。,天下长宁,第三章最是年少不矫情
他看向那叶姜头所在，一怔。,天下长宁,第三章最是年少不矫情
叶姜头不知道什么时候，没了。,天下长宁,第三章最是年少不矫情
少女看到了，就在叶姜头说完那句这是一头孤狼之后就猫腰冲进黑暗中。,天下长宁,第三章最是年少不矫情
她还看到了，叶扶摇也看到叶姜头冲进黑暗但没阻拦。,天下长宁,第三章最是年少不矫情
这个大哥对自己的弟弟，似乎有些不在乎？,天下长宁,第三章最是年少不矫情
可叶姜头很快就回来了，怀里还抱着一个叫声奇怪的小东西，他把那小东西塞进自己怀里暖着，那小家伙把头从领子里伸出来的时候被叶姜头捂住了眼睛。,天下长宁,第三章最是年少不矫情
此时，那锐士正在给母狼放血。,天下长宁,第三章最是年少不矫情
“奇怪了，孤狼还有个孤崽儿。”,天下长宁,第三章最是年少不矫情
叶姜头看向叶扶摇：“我就先带着。”,天下长宁,第三章最是年少不矫情
叶扶摇没回应，好在这不回应也不算反对，所以叶姜头又笑了笑，似乎永远都是那么没心没肺。,天下长宁,第三章最是年少不矫情
而此时器叔递给少女一杯热水后压低声音说道：“是个又累又不讨喜的大哥。”,天下长宁,第三章最是年少不矫情
少女若有所思的点了点头，实则在想的还是那座泥塑。,天下长宁,第三章最是年少不矫情
她当然早就看出来叶扶摇是个什么样的人，那个冷硬的闷葫芦在表现炽热的时候用的方式都那么不讨喜，又或许，他不屑于讨喜于别人。,天下长宁,第三章最是年少不矫情
他让叶姜头背着那个很大的行囊当然很讨厌，可吃的喝的御寒的东西都在那个行囊里，一旦出现什么意外背着这些的叶姜头反而是最容易活下来的人。,天下长宁,第三章最是年少不矫情
陆吾递给叶姜头一杯热水而叶姜头给了叶扶摇，叶扶摇理所当然的喝了且还说了一句他不需要。,天下长宁,第三章最是年少不矫情
是因为他确实更需要这杯热水，他一直都在时刻准备着应付一切突如其来的危险。,天下长宁,第三章最是年少不矫情
“当弟弟的也好，他是觉得，他大哥不该为了他埋没在这深山老林里。”,天下长宁,第三章最是年少不矫情
器叔又自言自语了一声。,天下长宁,第三章最是年少不矫情
小名叫半夏正经名字叫高清澄的少女眼睛里忽然有些光闪烁，因为她好像猜到了那个泥塑可能是谁。,天下长宁,第三章最是年少不矫情
她从六岁就开始在廷尉府里看卷宗，十年来是那些卷宗里的文字陪着她一起长大。,天下长宁,第三章最是年少不矫情
所以当她再次看向那两兄弟的时候，心情更加复杂。,天下长宁,第三章最是年少不矫情
她知道最正确的做法就是明天一早就让那两兄弟回去，自此之后也不该再有任何牵连。,天下长宁,第三章最是年少不矫情
算算时间，十几年前那个持枪将军掀起来的风浪现在还有余波。,天下长宁,第三章最是年少不矫情
恍惚着她低头看着身上这件熊皮袄，到嘴边的话又消散于在一念之间。,天下长宁,第三章最是年少不矫情
她答应过那个叫姜头的少年，要记住他哥的名字。,天下长宁,第三章最是年少不矫情
那少年心中关于他哥最美好的向往，也都在那两个问题里了。,天下长宁,第三章最是年少不矫情
你是从长安来吗？,天下长宁,第三章最是年少不矫情
你还回长安去吗？,天下长宁,第三章最是年少不矫情
高清澄闭上眼睛，器叔察觉到了气氛的微妙也不再说话。,天下长宁,第三章最是年少不矫情
良久之后，高清澄声音很轻但不容置疑的说了一句让她生平第一次犯错的话。,天下长宁,第三章最是年少不矫情
“回长安之后任何人不能提起那座泥菩萨。”,天下长宁,第三章最是年少不矫情
叶姜头微微怔住，叶扶摇骤然回身平静眼神里竟罕见的出现了些许感激但一闪而过。,天下长宁,第三章最是年少不矫情
“叶姜头你过来。”,天下长宁,第三章最是年少不矫情
高清澄轻轻叫了一声。,天下长宁,第三章最是年少不矫情
叶姜头猫着腰到近前，把闻到血腥味想要钻出头的狼崽子按回怀里。,天下长宁,第三章最是年少不矫情
他问：“什么事？”,天下长宁,第三章最是年少不矫情
高清澄问他：“你想过离开大山吗？”,天下长宁,第三章最是年少不矫情
叶姜头笑着点头：“想过啊。”,天下长宁,第三章最是年少不矫情
高清澄又问：“那你打算什么时候离开大山？”,天下长宁,第三章最是年少不矫情
叶姜头没回答。,天下长宁,第三章最是年少不矫情
高清澄平静又郑重的对他说：“我答应你的事不会反悔，但我也希望你答应我一件事。”,天下长宁,第三章最是年少不矫情
不等叶姜头问是什么，她已经继续说了下去。,天下长宁,第三章最是年少不矫情
“除了长安之外的任何锦绣繁华我都能给你们，唯独长安不行。”,天下长宁,第三章最是年少不矫情
她不想骗这个少年，她不想让这少年眼神里失去纯澈。,天下长宁,第三章最是年少不矫情
不等叶姜头回答，叶扶摇已有回应。,天下长宁,第三章最是年少不矫情
“好。”,天下长宁,第三章最是年少不矫情
高清澄微微松了口气，没有继续去等那个被人喊做叶姜头的家伙也给她答案，因为她刚才的话，本来就不说给叶姜头听的。,天下长宁,第三章最是年少不矫情
叶姜头看看高清澄，这个漂亮的小姑娘像是刚打了一场仗一样满目疲劳，他看看大哥，大哥已经转过身去背影更加孤寂。,天下长宁,第三章最是年少不矫情
到了第二天一早众人继续赶路之后，大家都很默契的好像忘了昨天晚上高清澄说过的那些话。,天下长宁,第三章最是年少不矫情
就好像所有人都忘了他们上山之前说的话......他们只是来打猎的。,天下长宁,第三章最是年少不矫情
她没说过她要来山顶，可她的目标就是山顶。,天下长宁,第三章最是年少不矫情
大慈悲山的这一侧好像被利刃削断了似的，悬崖之上的人似乎还能感受到不知几万年前劈山那一刀的森寒冷冽。,天下长宁,第三章最是年少不矫情
“把绳子接上看看能不能够着底！”,天下长宁,第三章最是年少不矫情
陆吾兴奋也紧张的喊着，他往下看的时候感觉自己的魂儿都弃他而去了。,天下长宁,第三章最是年少不矫情
“叶姜头。”,天下长宁,第三章最是年少不矫情
在众人忙碌着接绳索的时候，高清澄把熊皮袄脱下来递给那个话痨少年，可是这个话痨，已经快一天没怎么说话了。,天下长宁,第三章最是年少不矫情
人总能预感离别，所以预支悲伤。,天下长宁,第三章最是年少不矫情
叶姜头摇头：“你穿着吧，那边更冷。”,天下长宁,第三章最是年少不矫情
高清澄说：“我不想骗你，我们确实是必须去那边，我......”,天下长宁,第三章最是年少不矫情
叶姜头笑容依然坦荡纯真：“我知道你不想骗我，你只是不能说。”,天下长宁,第三章最是年少不矫情
高清澄没矫情着把熊皮袄还回去，她从那个漂亮的鹿皮囊里取出一块牌子递给叶姜头：“礼物唯有交换的时候才能让人开心。”,天下长宁,第三章最是年少不矫情
叶姜头也没矫情，把那块不知道什么材质漂亮且沉重的牌子贴身收好。,天下长宁,第三章最是年少不矫情
高清澄笑了笑：“你保重。”,天下长宁,第三章最是年少不矫情
叶姜头看了看那些锐士后眼神里闪过一抹担忧：“你更该保重。”,天下长宁,第三章最是年少不矫情
就在这时候陆吾脸色难看的说道：“绳子好像够不到悬崖下边，这可怎么办？”,天下长宁,第三章最是年少不矫情
他们背着很多绳索，连起来却依然不够长。,天下长宁,第三章最是年少不矫情
叶扶摇看了看峭壁上有一棵很大很大的横松，他将绳索一头绑在自己腰上：“我先下，所有人依次下到那棵树上，然后我再下，到崖底接你们。”,天下长宁,第三章最是年少不矫情
高清澄道：“你没必要过去。”,天下长宁,第三章最是年少不矫情
叶扶摇回头一字一句的说道：“凭你手下这些人，真能办成你想办的事？”,天下长宁,第三章最是年少不矫情
他看着高清澄的眼睛语气凌厉：“不管你们想去那边做什么，你们都不可能是朝廷选派出来的，这些人装备齐全对你也忠诚，但他们是一群新兵没错吧。”,天下长宁,第三章最是年少不矫情
说到这他先是看了看器叔又看了看陆吾：“除了年长的也就他还强一些，只是一些......选这样一群人冒险去渤海，除非朝廷能用的人都死绝了。”,天下长宁,第三章最是年少不矫情
陆吾张了张嘴，罕见的没有怼回去。,天下长宁,第三章最是年少不矫情
话痨的叶姜头今天话少，话少的叶扶摇今天话多。,天下长宁,第三章最是年少不矫情
“我只是不想欠谁的。”,天下长宁,第三章最是年少不矫情
叶扶摇绑好了绳索走到叶姜头面前，弯腰，额头顶着额头，手勾着叶姜头的脖子。,天下长宁,第三章最是年少不矫情
“到今天你整十六了。”,天下长宁,第三章最是年少不矫情
“嗯，十六了。”,天下长宁,第三章最是年少不矫情
“以后别人问叫什么，你就正经的告诉他们说......你叫叶无坷，不是叶姜头。”,天下长宁,第三章最是年少不矫情
这一刻，高清澄终于明白了那位有学识又朴素的母亲对抗命运的选择......长子扶摇而上，保佑次子无坎无坷。,天下长宁,第三章最是年少不矫情
以至于她这个外人，都忍不住的觉得做大哥辛苦。,天下长宁,第三章最是年少不矫情
叶扶摇站直了身子，叶无坷抬头看着大哥，这时候阳光在大哥身后，大哥的脸有一圈金色的环。,天下长宁,第三章最是年少不矫情
叶扶摇轻声说：“只有你知道我是多不想听到那句话，蒜头啊，照顾好姜头，好像不提醒我就忘了一样......可是现在我忽然明白过来，阿爷是在跟我道别，老狐狸总是能猜到所有人前边。”,天下长宁,第三章最是年少不矫情
他抬手揉了揉叶姜头的头：“记住，只能我回来接你。”,天下长宁,第三章最是年少不矫情
说完这句话他转身下了悬崖。,天下长宁,第三章最是年少不矫情
高清澄是最后一个下去的，她也不知道为什么她会对这座陌生的山有些不舍。,天下长宁,第三章最是年少不矫情
抓好绳子的那一刻她想问叶姜头，真的只有你哥来接你你才会离开这座大山吗？,天下长宁,第三章最是年少不矫情
但她真的是不喜欢矫情的人，所以她朝着叶姜头扬起一个大拇指也扬起一个灿烂到连她自己都觉得陌生的嘴角，然后顺着绳索滑下去。,天下长宁,第三章最是年少不矫情
叶姜头站在那棵绑着绳索的树旁边，抬着头的样子像是以为这样就能战胜眼睛。,天下长宁,第三章最是年少不矫情
可就在这一刻那绳子忽然间断了，叶姜头几乎是在同一时间两只手都伸了出去，右手一把攥住下坠的绳子，左手一把攥住树上的断绳。,天下长宁,第三章最是年少不矫情
少年仰头发出一声咆哮，怀里的懵懂小狼钻出来跟着嗷呜一声。,天下长宁,第三章最是年少不矫情
骤然下坠又骤然停住的少女知道自己只转瞬间就已在鬼门关里一进一出，她看向高处看不到那少年于是心念如刀刻下那个名字。,天下长宁,第三章最是年少不矫情
骤然下坠又骤然停住的少女知道自己只转瞬间就已在鬼门关里一进一出，她看向高处看不到那少年于是心念如刀刻下那个名字。,天下长宁,第四章上上签下下签
少年心思单纯到连见色起意都没有任何邪念，他只是觉得那个好看的小姑娘可别真冻死在大慈悲山上。,天下长宁,第四章上上签下下签
至于那件在长安里可能价值百金的熊皮袄叶无坷根本就不在乎，所以也更不在乎那件熊皮袄若是在大城市里卖了不止他收陆吾的那五百两银子。,天下长宁,第四章上上签下下签
就算他知道有多值钱也不会在乎，送了就是送了，若自己还想要，有机会再去猎一头熊。,天下长宁,第四章上上签下下签
那个小姑娘送他的牌子到底有什么用他现在也不在乎，他在乎的是这牌子是小姑娘给他的回礼。,天下长宁,第四章上上签下下签
礼物，就该是在交换的时候才最有意义。,天下长宁,第四章上上签下下签
怀揣一头小狼的少年从大慈悲山上下来的时候已是漫天风雪，看见无事村里冒起来的炊烟他就忍不住想笑。,天下长宁,第四章上上签下下签
村子里人叫他二傻，是因为他总是那么喜欢笑，还话痨，有什么好东西都愿意分给别人，他是无事村里唯一一个能和村子里耳背的吴奶奶唠半天的人。,天下长宁,第四章上上签下下签
村子里的人叫他哥大傻，是因为他是二傻。,天下长宁,第四章上上签下下签
到村口的时候叶无坷看到大奎兄弟正在堆雪人，于是他挥手打招呼。,天下长宁,第四章上上签下下签
那个看起来样貌有些丑陋的大奎性子也又狠又犟，他爹打断三根棍子他都不求饶一句。,天下长宁,第四章上上签下下签
大奎是老大所以叫大奎，以此类推但不连贯，因为七奎实际上是老九，中间还有两个姐姐，大姐就叫大丫头，二姐就叫二丫头，没有大名。,天下长宁,第四章上上签下下签
大奎已经二十七八岁，七奎才七八岁，整日黏在这个大哥屁股后边，像是大奎腰带上的挂件。,天下长宁,第四章上上签下下签
“二傻你干嘛去了？”,天下长宁,第四章上上签下下签
大奎一边问一边堆雪人。,天下长宁,第四章上上签下下签
叶无坷笑着回答说：“带客人上山打猎，客人走了我就回来了。”,天下长宁,第四章上上签下下签
大奎点了点头，然后像是想起什么似的问：“大傻呢？”,天下长宁,第四章上上签下下签
叶无坷道：“我哥跟客人一起走的，去长见识了。”,天下长宁,第四章上上签下下签
大奎又点了点头，然后猛的直起身子：“你哥走了？那我大妹二妹怎么办？”,天下长宁,第四章上上签下下签
大奎是早就把叶扶摇当妹夫的人，因为大妹二妹从来都不会掩饰她们对叶扶摇的爱慕。,天下长宁,第四章上上签下下签
叶无坷道：“等那个负心汉回来干他。”,天下长宁,第四章上上签下下签
大奎很炽烈的说道：“要不你当我妹夫吧，俺娘说过，等他们不在了，世上我最亲的人就是弟弟妹妹，其次是妹夫。”,天下长宁,第四章上上签下下签
叶无坷一脸好奇：“弟妹呢？”,天下长宁,第四章上上签下下签
大奎立刻摇头：“弟妹不行，俺娘说离弟妹远点。”,天下长宁,第四章上上签下下签
叶无坷很认真的说道：“可是大妹二妹不喜欢我，她们得嫁给自己喜欢的人才行，不能凑合，所以我做不成你妹夫。”,天下长宁,第四章上上签下下签
大奎道：“她们爱嫁给谁就嫁给谁，你就是我妹夫，我跟她们论妹妹，跟你论妹夫。”,天下长宁,第四章上上签下下签
叶无坷无奈的摇了摇头只好转移话题：“这雪人堆的真好，就是小了些，你看这雪人堆的，有鼻子有眼有小鸡儿的。”,天下长宁,第四章上上签下下签
大奎道：“就这么大。”,天下长宁,第四章上上签下下签
他一把将七奎从雪人里拉出来：“再大得拿二奎堆。”,天下长宁,第四章上上签下下签
叶无坷点头：“在理。”,天下长宁,第四章上上签下下签
大奎忽然问：“大傻走了你不会也走吧，二傻，你要是走一定得带着我，我跟你一起见世面去。”,天下长宁,第四章上上签下下签
叶无坷道：“大娘不会答应的，你......”,天下长宁,第四章上上签下下签
话没说完，就看到阿爷在家门口朝着他招手，叶无坷说大奎你让七奎快把衣服穿上吧，然后就朝着阿爷跑了过去。,天下长宁,第四章上上签下下签
阿爷一眼看到叶无坷怀里还有一头小狼，叶无坷立刻说道：“靠它暖着我回来的，阿爷不是说过吗，心口是暖的，人就冻不死。”,天下长宁,第四章上上签下下签
阿爷道：“狼崽子养不熟。”,天下长宁,第四章上上签下下签
叶无坷道：“试试，万一呢。”,天下长宁,第四章上上签下下签
阿爷没阻止，而是一边往院子里走一边说道：“我给你哥连续卜了三卦都是上上签，他命里有风终究是要走的。”,天下长宁,第四章上上签下下签
有风，就能扶摇直上。,天下长宁,第四章上上签下下签
叶无坷问：“阿爷你在见到那些人的时候，就断定我哥要走了？我哥也真是的，说走就走也不和你道个别。”,天下长宁,第四章上上签下下签
他倒是希望阿爷骂两句，骂两句应该就不会记恨哥不辞而别了吧。,天下长宁,第四章上上签下下签
阿爷瞪了他一眼：“是哪个把他往外推的？”,天下长宁,第四章上上签下下签
叶无坷笑着把小狼掏出来，找干草弄个窝，一边干活儿一边问：“没给我卜一卦？”,天下长宁,第四章上上签下下签
阿爷道：“你也想走？”,天下长宁,第四章上上签下下签
叶无坷嘿嘿笑了笑，然后摇头：“等你入土为安。”,天下长宁,第四章上上签下下签
阿爷骂了一声小王八蛋，然后回屋取东西，他是用三个小小的龟壳卜卦，反正神神叨叨的叶无坷也不懂阿爷的那番道理。,天下长宁,第四章上上签下下签
等阿爷把三个龟壳取出来，叶无坷蹲在阿爷身边笑呵呵的说道：“大哥出门了，你这手艺只能传给我，以前问你怎么看卦象你不说，今天能说了不？”,天下长宁,第四章上上签下下签
阿爷点了点头后郑重的说道：“总得有个传人才行，本来是传给你哥了，但他不信鬼神那一套，不信就不灵。”,天下长宁,第四章上上签下下签
他看向叶无坷，见叶无坷满眼都是期待。,天下长宁,第四章上上签下下签
“这是传自上古时期的秘术。”,天下长宁,第四章上上签下下签
阿爷把三个小小的龟壳捧在手心里，闭上眼睛后念念有词，片刻后，他将三个龟壳抛在地上。,天下长宁,第四章上上签下下签
叶无坷立刻仔细看，他还没看出个所以然来阿爷就满意的点了点头：“中上签，还行，虽不如你哥命好，也是不错了。”,天下长宁,第四章上上签下下签
叶无坷刚要问这是如何解的，阿爷又捧起来抛了一次，然后又满意的点了点头：“还是中上签。”,天下长宁,第四章上上签下下签
叶无坷急切道：“阿爷到底怎么看出来的？”,天下长宁,第四章上上签下下签
阿爷还是没理会他，又把三个龟壳捧起来，依然是嘴里念念有词，然后往地上一抛。,天下长宁,第四章上上签下下签
“还是中上签。”,天下长宁,第四章上上签下下签
阿爷眼神迷离的说道：“以前给你哥卜卦也都是上上签，给你总是下下签，这回三次中上，该是你哥出去的对了。”,天下长宁,第四章上上签下下签
叶无坷撇嘴：“我每次都是下下签？”,天下长宁,第四章上上签下下签
阿爷嗯了一声：“我给你们哥俩每年卜卦一次，你每次都是一样，现在三签中上，你将来该有个小福贵才对。”,天下长宁,第四章上上签下下签
叶无坷对小福贵是什么不感兴趣，他往前凑了凑：“现在可以教我怎么看了吗？”,天下长宁,第四章上上签下下签
阿爷点了点头后认真说道：“首先你得心诚，卜卦的时候一定要想着那个人，不能有一点杂念，只能是想着要卜卦的人才行。”,天下长宁,第四章上上签下下签
叶无坷嗯了一声，把三个龟壳捧起来，心中想着自己，确定没有什么杂念后把三个龟壳抛了出去。,天下长宁,第四章上上签下下签
阿爷眼神一亮：“中上签，想的是谁？”,天下长宁,第四章上上签下下签
叶无坷道：“还是我自己......阿爷你快别卖关子了，你告诉我吧，怎么看出来是什么签？”,天下长宁,第四章上上签下下签
阿爷坐直了身子，脸色肃穆的说道：“这是咱们家的秘术，你要记住以后不能随便传授给别人，一个人最多就能有两个弟子，再多就不灵了。”,天下长宁,第四章上上签下下签
叶无坷越发期待起来，眼神里都是明亮色彩，他使劲儿点头：“记住了记住了，快说。”,天下长宁,第四章上上签下下签
阿爷身子坐的更直了些，神色也更肃穆了些。,天下长宁,第四章上上签下下签
他说：“你看啊，三个小王八壳子有六个面，三个正面都朝上就是上上签，三个正面都朝下就是下下签，两个朝上就是中上签，两个朝下就是中下签，明白了吗？”,天下长宁,第四章上上签下下签
叶无坷：“......”,天下长宁,第四章上上签下下签
阿爷深吸一口气后：“你哥悟性比你好，奈何他不信。”,天下长宁,第四章上上签下下签
叶无坷：“我哥也是你讲完就不信了吧，也不比我悟性好多少。”,天下长宁,第四章上上签下下签
阿爷道：“你哥七岁时就看出来我这玄妙之术了，你十六了还在叭叭的问我。”,天下长宁,第四章上上签下下签
说完这句话老人家起身道：“等你也出门了，村口的那泥人也就该拆了。”,天下长宁,第四章上上签下下签
语气之中，略显沉重。,天下长宁,第四章上上签下下签
叶无坷把三个龟壳揣进口袋里，跟着阿爷进屋的时候问：“以前你不是总说不许我出门的吗，现在怎么忽然就答应了？”,天下长宁,第四章上上签下下签
阿爷道：“你娘偏心你，你知道吗？”,天下长宁,第四章上上签下下签
叶无坷点头：“知道。”,天下长宁,第四章上上签下下签
阿爷又道：“所以你娘希望一辈子庸庸碌碌但只要能好好活着的那个是你，你知道吗？”,天下长宁,第四章上上签下下签
他坐下来，点上烟斗抽，吧嗒一声，然后屋子里就多了道缭绕烟气。,天下长宁,第四章上上签下下签
“你哥早就知道了，不告诉你也是想让你就在无事村平安无事的过一辈子。”,天下长宁,第四章上上签下下签
阿爷视线往门外飘忽了一下，那是村口方向。,天下长宁,第四章上上签下下签
他说：“泥人是你爹。”,天下长宁,第四章上上签下下签
叶无坷猜到了。,天下长宁,第四章上上签下下签
阿爷继续说道：“你娘临走之前把泥人塑在村子风水口上，是想护着你们兄弟两个，她咽气之前说，出去一个就得拆......”,天下长宁,第四章上上签下下签
叶无坷问：“他是谁？”,天下长宁,第四章上上签下下签
阿爷道：“原来是个很了不起的人，是个大将军，他一杆枪把兖州杀了一个对穿，还杀到了渤海去，那一来一回，横尸百万。”,天下长宁,第四章上上签下下签
“后来，不知道怎么了，传说死了，还犯了大错，被免去了所有官职，一家处斩，好在是没株连。”,天下长宁,第四章上上签下下签
阿爷看向叶无坷：“可没株连，谁敢赌呢？外边的人心，从来都不好猜，哪天皇帝想起来你爹的事一个不开心，株连谁还不是一句话？”,天下长宁,第四章上上签下下签
叶无坷点了点头。,天下长宁,第四章上上签下下签
阿爷道：“你哥出村是上上签，你是中上签，我想着，大概是天意了，我和你哥说过，出去不准提那个名字，你想出去也一样，永远不许提......”,天下长宁,第四章上上签下下签
他轻声说了一个名字，叶无坷深深的把这个名字刻在心里。,天下长宁,第四章上上签下下签
阿爷抽了一口烟袋，又吐出一口浓烟。,天下长宁,第四章上上签下下签
“你哥对我心里有点怨恨，总觉得是我偏心你多些，我一直都知道，但我从没说过啥，那孩子心思重，我说了啥他都压心里......”,天下长宁,第四章上上签下下签
阿爷看着叶无坷的眼睛说道：“他一心想出去，那就随他，大概是因为你娘说他该扶摇你该无坷，可我和你娘想的不一样，都是一样的娃儿，凭啥谁就该多委屈些？姜头啊......你哥若真的该命里扶摇，你就在暗中守着他，保他，保你自己，都无坷。”,天下长宁,第四章上上签下下签
叶无坷深吸一口气，十六岁的少年心里第二次有了山一样的责任感。,天下长宁,第四章上上签下下签
第一次，是哥说让他照顾好阿爷。,天下长宁,第四章上上签下下签
可少年并没有想到，阿爷也没告诉他，就像有些话不和他哥说一样，都是一样的娃儿，凭啥有一个就注定要平庸？,天下长宁,第四章上上签下下签
阿爷揉了揉叶无坷的脑袋：“其实你命该更好些才对，你从来不争......傻乎乎的天天就知道笑，唉，那泥人真该早点拆了，拆了你哥就会晚几年走。”,天下长宁,第四章上上签下下签
他眼神越发迷离。,天下长宁,第四章上上签下下签
“哪想到会有人从长安来，哪想到那妮子会一直盯着泥人看。”,天下长宁,第四章上上签下下签
叶无坷低着头说道：“阿爷知道那是娘的念想，所以一直不拆。”,天下长宁,第四章上上签下下签
阿爷瞥了他一眼，然后摇头叹道：“你果然还是傻乎乎，那泥人在村子风水口上，我不拆，村子里的人为啥都不拆？”,天下长宁,第四章上上签下下签
叶无坷心里触动了一下，少年心事果然还是太简单了些。,天下长宁,第四章上上签下下签
阿爷起身道：“别急着出村，我多给你准备些东西......至于照顾我，我用你们照顾？”,天下长宁,第四章上上签下下签
叶无坷因为阿爷的这些话想了很多很多，然后才发现从小到大这村子里的很多事其实都是自己忽略了。,天下长宁,第四章上上签下下签
阿爷去收拾东西，小狼崽子在外边嗷呜嗷呜叫着。,天下长宁,第四章上上签下下签
叶无坷看了看手中三个龟壳，想起来阿爷说的那个妮子，于是心中默念虽不知道你叫什么但人对了就成，然后抛了出去。,天下长宁,第四章上上签下下签
下下签。,天下长宁,第四章上上签下下签
少年心说这果然不准，于是执拗的连抛三次。,天下长宁,第四章上上签下下签
。。。。。。,天下长宁,第四章上上签下下签
「是加入书架还是说爱我，怎么选？】,天下长宁,第四章上上签下下签
「是加入书架还是说爱我，怎么选？】,天下长宁,第五章人见人爱
老猎户看到孙子蹲在门口看着三块肚皮朝上的龟甲怔怔出神，他就知道这个小家伙要做出个很大很大的决定。,天下长宁,第五章人见人爱
叶无坷抬头看着阿爷喃喃道：“我哥都是上上签，她为何就是下下签，明明都在一起.......”,天下长宁,第五章人见人爱
老猎户道：“你放心不下的不只是下下签的那个丫头，连上上签的你哥你也放心不下。”,天下长宁,第五章人见人爱
他太了解自己这个小孙子。,天下长宁,第五章人见人爱
“你七岁那年我去镇上请郎中，给你娘看过后开了个方子，他照方抓药见家里日子清苦连钱都没收，吃了那药你娘身子确实好了些，你就觉得那郎中是好人，从那年开始你每年都要拎着东西去看郎中两次，一次中秋一次过年，从这到镇上走四十几里山路，你没断过。”,天下长宁,第五章人见人爱
老猎户一边说着，一边取了把颜色奇怪的小猎刀出来，竟是能把银子切开，分成了一堆小块。,天下长宁,第五章人见人爱
“你九岁的时候掉进冰窟里是大奎二奎把你捞上来，从那年开始大奎家里有什么活儿你都去帮忙，逢年初一第一个去磕头拜年的也是你，去年大奎娘生病，大奎兄弟和他爹都进山了，你连拖带拽的用雪拍子拉着大奎娘走四十几里去镇上看郎中，救回她一条命后，你比大奎他们笑的都开心。”,天下长宁,第五章人见人爱
老猎户把装了碎银子的荷包递给叶无坷：“身上带着些银子但别轻易漏出来。”,天下长宁,第五章人见人爱
老猎户在门槛上坐下来，手放在叶无坷的头顶轻轻地抚摸着。,天下长宁,第五章人见人爱
“这些事没人教过你，你自己心里都懂，你哥七岁的时候看破我如何卜卦的道理，你七岁的时候明白别人对你好你就一定要对别人更好的道理。”,天下长宁,第五章人见人爱
他点上烟斗，眼神迷离。,天下长宁,第五章人见人爱
“那个小丫头答应了给你哥找前程，你把熊皮袄都送出去了还觉得是你欠着人家的，事事处处想以好心报好心，累......”,天下长宁,第五章人见人爱
他说完这番话拿起那把小猎刀，一尺来长，是那年老猎户从山上捡到一块奇怪的石头后一点一点打磨出来的。,天下长宁,第五章人见人爱
“龟甲卜卦这东西你哥不信是真不信，你说不信可你又觉得宁可信其有不可信其无......去看看也好，心里踏实。”,天下长宁,第五章人见人爱
老猎户把小猎刀递给叶无坷：“阿爷就一句交代......对别人好别搭上命，活着就能对更多人好。”,天下长宁,第五章人见人爱
叶无坷接过小猎刀后起身朝着阿爷笑：“说的好像我不回来似的，我就去看看，人好着呢我就回来，人不好......我安顿好也回来。”,天下长宁,第五章人见人爱
老猎户嗯了一声后说道：“若需要帮手，喊上大奎。”,天下长宁,第五章人见人爱
叶无坷摇头道：“不喊。”,天下长宁,第五章人见人爱
少年也有少年才有的执拗，年长者善有的审时度势在这执拗里分毫不见。,天下长宁,第五章人见人爱
长者可能也只是简单的觉得此去有凶险最好带上帮手，叶无坷只是简单的觉得此去有凶险最好谁也不带。,天下长宁,第五章人见人爱
他用了半天的时间又搓又接的弄了一条长长的绳索，约莫着够用了之后就出门而去。,天下长宁,第五章人见人爱
土坡上二奎拿着个又硬又冰的萝卜咯嘣咯嘣啃着，见叶无坷出来二奎立刻就大声喊起来：“二傻真要走！”,天下长宁,第五章人见人爱
二奎不聪明，大奎也不聪明，只是因为大奎回家后跟老娘说二傻没准要走，那位不认识一个字的村野大娘就给自己儿子下了死命令。,天下长宁,第五章人见人爱
“换班去盯着，不能让那孩子一个人出山。”,天下长宁,第五章人见人爱
大病一场后身子骨还没完全恢复的大奎娘，一只手拄着拐一只手拎着个布包快步出门，走的急也走的颤，生怕自己晚一点就让那傻孩子跑掉。,天下长宁,第五章人见人爱
“姜头。”,天下长宁,第五章人见人爱
大奎娘将布包递给叶无坷：“刚蒸好的枣儿窝头带上，不管你去哪儿娘不拦你，但你得听娘的，让你大奎哥二奎哥跟着你。”,天下长宁,第五章人见人爱
叶无坷接过枣儿窝头就笑着回应：“娘，不用，我就进山一趟很快回来。”,天下长宁,第五章人见人爱
大奎娘眼睛微红：“跟娘也说瞎话？”,天下长宁,第五章人见人爱
叶无坷无言以对。,天下长宁,第五章人见人爱
大奎娘说：“出山就出山，我听说世道不一样了，没了兵荒马乱，太平着呢......可娘还是得交代你几句，大奎二奎力气大有事你让他们干，他们也只有一把子力气。”,天下长宁,第五章人见人爱
叶无坷还没回话，大奎娘看向两个儿子大声说道：“看好了你们弟弟，你们俩累死了别累着他，出力气的事都得你俩来，他若受了委屈，你们俩把他带回来，你们俩别犯莽也别让他莽，带回村，天大的事回村说。”,天下长宁,第五章人见人爱
大奎点头：“我记住了娘。”,天下长宁,第五章人见人爱
二奎也点头：“大奎记住了娘。”,天下长宁,第五章人见人爱
老太太郑重的又问了一遍：“能记住吗？”,天下长宁,第五章人见人爱
大奎也再次点头：“能！”,天下长宁,第五章人见人爱
二奎仔细斟酌了一下自己的脑子后觉得可能有点悬，但他还是使劲儿点头：“大奎能！”,天下长宁,第五章人见人爱
“去吧。”,天下长宁,第五章人见人爱
老太太拄着拐往回走：“不用惦记着你阿爷，咱家里人口多着呢，没有哪个敢不孝顺，还有啊姜头，你要是敢甩开大奎二奎自己跑以后别认我，我死不见你。”,天下长宁,第五章人见人爱
叶无坷使劲儿喊了一声记住了，然后大步向着大慈悲山走去。,天下长宁,第五章人见人爱
没走两步，大奎一把将他肩膀上沉重的绳索拿过来，叶无坷刚要说不用，大奎一瞪眼：“娘的话你敢不听？”,天下长宁,第五章人见人爱
二奎拿了两把猎叉后一边走一边问：“二傻，咱们去哪儿？”,天下长宁,第五章人见人爱
大奎一巴掌扇在二奎后脑勺上：“叫妹夫！”,天下长宁,第五章人见人爱
二奎揉着后脑勺：“为啥？”,天下长宁,第五章人见人爱
大奎无比认真的说道：“我和二傻说好了，不管他娶不娶大妹二妹他都是咱妹夫。”,天下长宁,第五章人见人爱
二奎想了想觉得好像没道理，可是......很开心啊。,天下长宁,第五章人见人爱
他哈哈笑：“妹夫！”,天下长宁,第五章人见人爱
然后他问：“那你跟娘说了吗？”,天下长宁,第五章人见人爱
大奎：“没说，回来再说。”,天下长宁,第五章人见人爱
二奎又问：“和大妹二妹说了吗？”,天下长宁,第五章人见人爱
大奎：“关她们屁事？”,天下长宁,第五章人见人爱
二奎想着应该是关她们的事吧，但大哥比他聪明，大哥说不关，那就肯定是不关了，毕竟大哥最聪明。,天下长宁,第五章人见人爱
三个人一边走一边聊，叶无坷把要去干什么很仔细的和大奎二奎说了一遍，但显然大奎二奎并不是真的关心他要去干什么，他们只关心他们一定得跟着。,天下长宁,第五章人见人爱
叶无坷说可能会打架，大奎说那你就看着就得了，你会打个屁的架，你那身子板细长的跟个黄鼠狼子似的。,天下长宁,第五章人见人爱
二奎说打架你就看大奎的，咱家里从我二奎到七奎哪个不是大奎揍大的！,天下长宁,第五章人见人爱
三个人上山比上次叶无坷带着高清澄上山速度要快的多，甚至在夜里都轻车熟路一样。,天下长宁,第五章人见人爱
叶无坷带着高清澄上山的时候住了一晚，只是因为夜里走山路他不怕但高清澄那些人可能会摔死几个。,天下长宁,第五章人见人爱
但是到了山顶就不能急着下山，仨人找地方眯了半宿后起身，煮了雪水化开冻的梆硬的枣儿窝头喝粥一样吃了，恢复力气才到悬崖边做准备。,天下长宁,第五章人见人爱
悬崖横松上的绳索还在，他们只需要下到横松上即可。,天下长宁,第五章人见人爱
大奎吩咐二奎先下去，到了横松上接着叶无坷，而他在最后边，他觉得这样对二傻最安全。,天下长宁,第五章人见人爱
二奎没有丝毫犹豫，绑好绳子就要下去，结果叶无坷比他灵活的多，直接就滑了下去把那兄弟俩吓得嗷嗷叫。,天下长宁,第五章人见人爱
到了下边大奎就把叶无坷骂了一顿，还说再不听话就不让他当妹夫了。,天下长宁,第五章人见人爱
二奎觉得，大哥不该用这么重的话吓唬妹夫。,天下长宁,第五章人见人爱
大慈悲山和小慈悲山中间是一条宽好几里的山谷，基本上没人来过，雪很厚，温度比山顶上还冷。,天下长宁,第五章人见人爱
二奎望了望远处后问往哪儿走，叶无坷仔细辨认了一下，经过风雪，依稀还能看到些脚印。,天下长宁,第五章人见人爱
他把翻毛帽子压了压：“跟我走。”,天下长宁,第五章人见人爱
山谷里的脚印还在，但进了小慈悲山之后脚印就消失不见了，这边的风雪更大，而且叶无坷相信他哥一定处理过。,天下长宁,第五章人见人爱
走了一天之后才到小慈悲山另一侧，大奎和二奎一路都在问是不是和叶扶摇走的不同路，叶无坷执拗坚持，谁能想到在走了一天后真就被叶无坷又找到了痕迹。,天下长宁,第五章人见人爱
十几个人的队伍总会有人不小心，陆吾他们看着厉害但缺少经验。,天下长宁,第五章人见人爱
叶无坷从痕迹判断他哥应该是一直沿着山脚走，他看了一眼远处在林子里若隐若现的村子若有所思。,天下长宁,第五章人见人爱
“肯定是大傻告诉过他怎么走！”,天下长宁,第五章人见人爱
二奎笃定了说了一句。,天下长宁,第五章人见人爱
大奎则看向叶无坷问道：“妹夫，咱们现在还怎么走？”,天下长宁,第五章人见人爱
叶无坷蹲在那个小山坡上看着村子发了好一会儿呆，然后回身对大奎二奎说道：“我去探路，你们俩就在这等我哪里都不要去。”,天下长宁,第五章人见人爱
大奎摇头：“那不行，娘让我们跟着你。”,天下长宁,第五章人见人爱
叶无坷道：“要么你们在这等我，要么你们爱找谁当妹夫找谁当妹夫去。”,天下长宁,第五章人见人爱
大奎看向二奎，二奎说：“别人当妹夫我不乐意。”,天下长宁,第五章人见人爱
大奎道：“那娘说的话呢。”,天下长宁,第五章人见人爱
二奎：“咱不告诉娘。”,天下长宁,第五章人见人爱
大奎看向叶无坷，一脸担心叶无坷回去之后就会告密的表情。,天下长宁,第五章人见人爱
叶无坷立刻就发誓道：“回去后谁告诉娘谁是傻狍子。”,天下长宁,第五章人见人爱
大奎点了点头：“那行吧妹夫，我们就等你会儿。”,天下长宁,第五章人见人爱
叶无坷随即笑起来，也不隐藏行迹，直接朝着村子那边过去，这把大奎和二奎看的两脸茫然。,天下长宁,第五章人见人爱
他俩以为叶无坷回去偷个人出来问路，左等不见人右等不见人，就在大奎已经按捺不住的时候，却见叶无坷从村子里出来了。,天下长宁,第五章人见人爱
非但他出来了，还有几个人送他，其中有个看起来头发花白的老太太，一路拉着叶无坷的手说话，不知道为什么，就显得那么亲密。,天下长宁,第五章人见人爱
那老太太稀罕叶无坷的样子就好像无事村里的吴奶奶，俩人坐在干草堆上晒着太阳拉着手说话能说上整整半天。,天下长宁,第五章人见人爱
吴奶奶从三十几岁就开始守寡且没有子嗣，她对村子里的孩子们格外好。,天下长宁,第五章人见人爱
远远的也能看得出来，那位渤海国小山村里的老奶奶真是把才刚认识的小家伙当亲人了。,天下长宁,第五章人见人爱
大奎满脸都是疑惑：“难道妹夫认识那村里的人？”,天下长宁,第五章人见人爱
二奎此时倒是一脸理所当然：“老太太们都喜欢妹夫。”,天下长宁,第五章人见人爱
没多久叶无坷就回来了，和那位老奶奶还有个四十来岁的大叔一起回来的。,天下长宁,第五章人见人爱
叶无坷回来后就笑呵呵的用渤海话介绍：“这两位是派给我的护卫，都不爱说话，战场上下来的，本事很大。”,天下长宁,第五章人见人爱
大奎二奎本来就长的凶，那位渤海大叔一听说还是战场上下来的连忙陪着笑脸客气了几句，时不时偷看一眼，明显怕他俩。,天下长宁,第五章人见人爱
叶无坷道：“这位是姜奶奶，这位是崔叔儿，他们帮我们办事。”,天下长宁,第五章人见人爱
连大奎看的出来，这个崔叔儿看叶无坷的眼神里满是敬畏。,天下长宁,第五章人见人爱
叶无坷看向那位姜奶奶一脸真诚和期待的说道：“姜奶奶，都靠你了。”,天下长宁,第五章人见人爱
这位姜奶奶一脸慈祥的说道：“放心吧，你交代的事，我看谁敢不出力！”,天下长宁,第五章人见人爱
她这慈爱表情让大奎心里满是担忧，他真想问问这老太太家里有没有孙女，如果有，那得把妹夫看紧点！,天下长宁,第五章人见人爱
她这慈爱表情让大奎心里满是担忧，他真想问问这老太太家里有没有孙女，如果有，那得把妹夫看紧点！,天下长宁,第六章三选一
这要是换做其他人跟着叶无坷，一定会想尽办法问清楚到底是怎么回事。,天下长宁,第六章三选一
为什么这无亲无故的渤海国村野老太太会指挥全村百姓去做事，全村百姓还没有一个推诿的，全都打了鸡血一样，干劲十足。,天下长宁,第六章三选一
二奎就觉得这很正常，哪个老太太不喜欢叶无坷？,天下长宁,第六章三选一
大奎本来觉得有点不正常，可连二奎都觉得正常大奎没敢说不正常，他怕让二奎看出来，他其实不比二奎聪明。,天下长宁,第六章三选一
他们三个就在这个小山村里住了下来，非但有热炕热水这群渤海人还会想尽办法给他们做点好吃的。,天下长宁,第六章三选一
而叶无坷对大奎和二奎就一个要求......别说话，就装作冷漠无情就够了。,天下长宁,第六章三选一
因为紧邻着渤海国，所以大奎二奎从小就知道渤海人其实不是什么好东西。,天下长宁,第六章三选一
大宁立国之前渤海人就曾大举入侵兖州，但最终入关的数十万渤海兵都变成了东北沃土的一部分。,天下长宁,第六章三选一
所以妹夫把渤海人指挥的团团转，大奎二奎都觉得很厉害。,天下长宁,第六章三选一
也是因为紧邻着渤海，所以大家多多少少都会一些渤海话，大奎二奎不怎么会，叶无坷精通，整天和那些渤海人叽里咕噜的说事情。,天下长宁,第六章三选一
日子就这样一天一天过去，大奎二奎都觉得叶无坷好像忘了他们是要找叶扶摇的事，但他俩都憋着不问，因为叶无坷让他俩别说话。,天下长宁,第六章三选一
只是，每天来往这个小山村的人越来越多，还都神神秘秘的，且每个人脸上都有一种正在进行某种神圣事业的自豪感和舍我其谁的责任感。,天下长宁,第六章三选一
叶无坷每天就在那个很大的土炕上接待来自四面八方的渤海人，然后在纸上不停的写写画画。,天下长宁,第六章三选一
那些渤海人会认真的指正他哪里画的不太对，而那位姜奶奶则始终像是看着自己乖孙子一样满目慈祥的看着他。,天下长宁,第六章三选一
她家里没有孙女让大奎放心了，可大奎总觉得老太太孙媳妇看叶无坷的眼神里都能拉丝。,天下长宁,第六章三选一
到了夜深人静的时候，叶无坷才会站在窗口看着远方发呆，也只有在这个时候，他的眉宇之间才会出现淡淡的担忧。,天下长宁,第六章三选一
渤海国其实没多大，从小慈悲山再往东边走上不到一百五十里就是渤海都城仙土。,天下长宁,第六章三选一
而此时东韩的军队已经围困仙土城半月有余，猛攻之下这座并不算多坚固的都城摇摇欲坠。,天下长宁,第六章三选一
后半夜的时候，一支渤海军打开了仙土城的北城门开始疯狂反攻。,天下长宁,第六章三选一
东韩大将尹穗猜测是渤海国君要突围逃走，于是调集重兵围堵，北城之外，很快就变成了一片火把的海洋。,天下长宁,第六章三选一
一个时辰之后，一支百十人的队伍从仙土城的南边用吊篮下来，全都穿着黑衣，趁着这难得的机会往西边狂奔。,天下长宁,第六章三选一
一直跑到天亮之后他们进了山，藏在林子里喘口气。,天下长宁,第六章三选一
林子边缘处，器叔往四周看了看后吩咐陆吾亲自带人在暗处戒备，他收集了一些还算干净的积雪，准备回到林子深处给高清澄烧些热水喝。,天下长宁,第六章三选一
渤海这边气候更冷，从小体寒的高清澄在这种地方每一息都可算是煎熬。,天下长宁,第六章三选一
可才捡了些干柴的器叔还没来得及堆起来，就被叶扶摇一脚踢开。,天下长宁,第六章三选一
器叔皱眉。,天下长宁,第六章三选一
叶扶摇一个字都没说，只是那么看着他，良久后，其实知道这样做容易暴露的器叔选择了妥协。,天下长宁,第六章三选一
“器叔，没事。”,天下长宁,第六章三选一
高清澄看起来倒也还好，因为她身上还有那件凛冽北风都无可奈何的熊皮袄。,天下长宁,第六章三选一
那个原本狰狞的巨大熊头，在她身上都显得可爱了几分。,天下长宁,第六章三选一
器叔嗯了一声后问高清澄：“能不能撑得住？”,天下长宁,第六章三选一
高清澄拍了拍熊皮袄昂着下巴说：“风，打不透。”,天下长宁,第六章三选一
说到这话器叔就想起来那个话痨少年，那个小家伙和器叔身边这个沉默寡言的叶扶摇就不像是一家人。,天下长宁,第六章三选一
可就在这时候叶扶摇看到渤海国君权在相休息的地方，竟是有人点起火堆。,天下长宁,第六章三选一
叶扶摇转身朝着那边过去，器叔犹豫片刻最终还是选择留在高清澄身边。,天下长宁,第六章三选一
没多久，就听到渤海国军那边传来一阵骂声。,天下长宁,第六章三选一
大概意思是国君快要冻死了想点火取暖怎么了，你这个宁人难道还敢给国君下命令之类的话。,天下长宁,第六章三选一
器叔摇了摇头心说渤海国君蠢成这样亡国也就说得过去了，可想到自己刚才也差一点点火所以话就憋了回去。,天下长宁,第六章三选一
叶扶摇面无表情的站在那，渤海国那个侍卫长朝着他大吼大叫，换做别人可能会忍上片刻，叶扶摇则直接把侍卫长拎起来当灭火器用来回摔打灭了那堆火。,天下长宁,第六章三选一
一群侍卫冲上来想要动手，那烧的灰头土脸的侍卫长爬起来抽刀在手。,天下长宁,第六章三选一
下一息，侍卫长的刀就抹断了侍卫长的脖子。,天下长宁,第六章三选一
叶扶摇扫了一眼那些侍卫，眼神没有任何威胁的意味可就是让这群渤海人不寒而栗。,天下长宁,第六章三选一
渤海国君权在相本来也要发火，在看到侍卫长脖子喷着血倒下去后选择了闭嘴。,天下长宁,第六章三选一
叶扶摇没有离开太远，而是拿着那把带血的刀就在能看到他们的地方盘膝而坐。,天下长宁,第六章三选一
距离能让那些渤海人稍微踏实些，可叶扶摇只是又往他们这边扫了一眼，渤海国君下意识往后挪了挪，权在相的长子权恒也跟着挪了挪。,天下长宁,第六章三选一
次子权结手里拿着个脏兮兮的布偶，时不时发出莫名其妙的笑声，完全不在乎刚才发生了什么，好像那布娃娃才是他最离不开的人。,天下长宁,第六章三选一
渤海人都听闻过，太子权恒年少便有聪明过人的名声，而二皇子权结自幼愚笨，据说到七八岁还不能把话说利索。,天下长宁,第六章三选一
静坐了片刻后太子权恒见那冷面家伙离得不近，于是压低声音用渤海话说道：“还没到宁国便受此羞辱，贼子敢在父皇面前杀侍卫长，若到了宁国，还不是如坐牢一般随便任人摆布！”,天下长宁,第六章三选一
权在相立刻瞪了他一眼，权恒又道：“此人是个哑巴，儿臣之前便已试探过了，再说，距离这般远他也听不见。”,天下长宁,第六章三选一
权在相道：“那也不许再胡言乱语。”,天下长宁,第六章三选一
权恒叹了口气，声音极轻的自言自语道：“都是因为听信了韩元载的那些蠢话父皇才会想着与宁人结盟，若早些听儿臣的把权结送去黑武做质子不就好了？这几个人来仙土城儿臣也一再劝阻父皇，父皇只是不听......”,天下长宁,第六章三选一
他看了看权在相，权在相脸色复杂，再看看那个冷面家伙，那家伙竟在闭目养神。,天下长宁,第六章三选一
良久后，权在相轻叹道：“无论如何现在也别无选择，我们还要到长安去求见宁帝，只希望他不要言而无信，能得宁军杀回渤海才最重要。”,天下长宁,第六章三选一
权恒眯着眼睛说道：“还请父皇明鉴，宁人多半是不可深信，就算是借了宁军复国......复国之后该如何应对还需三思。”,天下长宁,第六章三选一
权在相道：“现在不是说这个的时候，必须先借了宁军再说其他。”,天下长宁,第六章三选一
权恒道：“我只怕那宁帝心思深沉，未必对我们放心，若他将我们扣留在长安只是派兵出征，却不准我们回渤海......”,天下长宁,第六章三选一
权在相忽然想到了什么，侧头看了看次子权结。,天下长宁,第六章三选一
“你刚才说，你曾向我谏言什么来着？”,天下长宁,第六章三选一
“什么？”,天下长宁,第六章三选一
“就是你说当初为了取信于黑武，谏言什么来着？”,天下长宁,第六章三选一
“把权结送去黑武啊。”,天下长宁,第六章三选一
说到这权恒眼睛忽然一亮，他看向那个拿着个布偶傻笑的弟弟。,天下长宁,第六章三选一
“倒是忘了我这好弟弟。”,天下长宁,第六章三选一
权恒坐到权结身边，捏着权结的脸笑问：“大哥带你去个好玩的地方，到了之后你自己留下来玩没人打扰，想玩多久就玩多久，怎么样？”,天下长宁,第六章三选一
权结连连往后缩：“疼......大哥，脸疼。”,天下长宁,第六章三选一
权恒松开手，权结脸上都被拧的红了一片。,天下长宁,第六章三选一
权在相道：“别欺负他，一想到要把他单独留在宁人那边，作为父亲，我心中着实有些难过。”,天下长宁,第六章三选一
权恒笑道：“宁人定会善待我这好弟弟......”,天下长宁,第六章三选一
说着话的时候，又在权结脸上狠狠拧了一下。,天下长宁,第六章三选一
就在这时候，他们见那个冷面家伙忽然起身便不敢再说什么，好在是那冷面家伙是朝着宁人队伍过去，权在相等人全都下意识松了口气。,天下长宁,第六章三选一
叶扶摇面无表情的走到高清澄身前，沉默片刻后开口问道：“若我能把你们要的人安全送到长安，你们可能放心我单独走？”,天下长宁,第六章三选一
高清澄立刻反应过来：“你是想兵分两路。”,天下长宁,第六章三选一
叶扶摇道：“贼有骑兵，想要追上咱们并非难事。”,天下长宁,第六章三选一
高清澄思考片刻后点头道：“如此也好，你带一个单独走，我们带着其他人一起走，无论如何，也要保证有一个送去长安。”,天下长宁,第六章三选一
叶扶摇点头，连个好字都懒得说，他转身就走，就听到身后高清澄问道：“你要带哪个？”,天下长宁,第六章三选一
叶扶摇一边走一边说道：“二皇子。”,天下长宁,第六章三选一
高清澄回答道：“也好。”,天下长宁,第六章三选一
她才回答了两个字，就见叶扶摇伸手把一名宁军身上挂着的连弩摘下来，脚步从容之间，抬手就是连发点射。,天下长宁,第六章三选一
距离比较近的几个渤海侍卫立刻就被放翻，个个都是命中咽喉。,天下长宁,第六章三选一
器叔看到这一幕眼神惊讶，因为他知道叶扶摇在出山之前根本就没见过连弩。,天下长宁,第六章三选一
只是在来的半路上，叶扶摇借了连弩仔细看了，器叔当时跟他说了一下连弩如何操作，叶扶摇听完后便把连弩还给了宁军士兵。,天下长宁,第六章三选一
宁军连弩能装填六支弩箭，叶扶摇抬手之际便有六名渤海侍卫倒地身死。,天下长宁,第六章三选一
等到渤海人反应过来叶扶摇迅速近身，刀如流芒又连杀数人，他跨步到了权在相面前，一刀就剁掉了权在相的头颅。,天下长宁,第六章三选一
下一息，叶扶摇追至权恒身后，左手探出去抓了权恒头发往后一拉，权恒倒地的瞬间叶扶摇一刀将他脖子剁开。,天下长宁,第六章三选一
连杀国君和太子之后，叶扶摇伸手抓了权结胸前衣服直接把人拎起来，权结却只是死死抱着个布偶不撒手。,天下长宁,第六章三选一
叶扶摇单手拎着权结，一脚将靠近的渤海侍卫踹出去丈许，第二个渤海侍卫才靠近被他左手捏住脖子来回一扭，侍卫倒下去的时候叶扶摇顺势接过他的佩刀。,天下长宁,第六章三选一
在众人惊诧注视下，叶扶摇带着那个傻子二皇子直接掠了出去，人如猎豹在山中腾挪，转瞬而已便没了踪迹。,天下长宁,第六章三选一
而此时，听到喊声的陆吾等人才刚刚赶到，这一幕，把陆吾等人吓的脸都白了。,天下长宁,第六章三选一
器叔沉默片刻伸手从身边战兵身上抽出横刀，身形一掠就冲进了剩下的渤海侍卫之中，若虎入羊群。,天下长宁,第六章三选一
没多久，数十名渤海侍卫就被屠戮了九成，剩下三四个跪在那吓得瑟瑟发抖。,天下长宁,第六章三选一
器叔拎着刀回来后看向高清澄：“得拿个主意。”,天下长宁,第六章三选一
高清澄缓了片刻后说道：“选两人换上权在相和权恒衣服，咱们往另一边走。”,天下长宁,第六章三选一
此时赶过来的陆吾等人才看到发生了什么，一个个都有些惊讶迷茫。,天下长宁,第六章三选一
高清澄话音才落，负责在外线戒备的人急匆匆跑回来：“骑兵，东韩骑兵！”,天下长宁,第六章三选一
一刻之后，掠出去二三里的叶扶摇将手中权结直接摔在地上，权结像是吓坏了的小狗一样蜷缩起来。,天下长宁,第六章三选一
“不必装了。”,天下长宁,第六章三选一
叶扶摇语气平淡的说道：“从现在开始你自己跑，我不想再浪费力气。”,天下长宁,第六章三选一
权结颤抖着的身子逐渐的平复下来，几息之后他起身整理了一下衣服，他右手始终拿着那个脏兮兮的布偶，只是神态和之前早已不同。,天下长宁,第六章三选一
叶扶摇声音清冷的说道：“那里边藏的短刃......进大宁后你最好扔了。”,天下长宁,第六章三选一
权结思考片刻，将那把匕首从布偶中取出来抛给叶扶摇：“送你了。”,天下长宁,第六章三选一
。。。。。。,天下长宁,第六章三选一
【是说爱我还是说爱我，怎么选？】,天下长宁,第六章三选一
【是说爱我还是说爱我，怎么选？】,天下长宁,第七章少年血性
太阳升起的那一刻，大奎和二奎站在村口看着远处高坡上负手而立的叶无坷，两人都有些错觉，妹夫今天好像是个大人了。,天下长宁,第七章少年血性
那高坡四周站着不少渤海村民，来自四面八方。,天下长宁,第七章少年血性
按照叶无坷的要求，这些村民分成了四队，每一队都任命了队正和队副，看起来在严阵以待着什么。,天下长宁,第七章少年血性
等人到齐后叶无坷用渤海话大声吩咐道：“风雪又起，大家多去准备红布，多折些树枝，我听闻宁军战旗为烈红颜色，咱们就假扮成宁军吓唬吓唬贼人。”,天下长宁,第七章少年血性
大奎和二奎都不懂叶无坷到底是要干啥，可是他们也都明白叶无坷能指挥这么多渤海人真是太厉害了。,天下长宁,第七章少年血性
最可怕的地方在于，那些渤海村民脸上都有一种难以理解的郑重和敬畏，仿佛叶无坷带着他们做的事，无比神圣，无比光辉。,天下长宁,第七章少年血性
而且每个人都是又紧张又期待，似乎辉煌前程就在眼前。,天下长宁,第七章少年血性
距离这里大概十几里外，一处林子边缘，在最前边探路的陆吾气喘吁吁跑回来，嘴里一口一口的往外吞吐着白色的热气。,天下长宁,第七章少年血性
“出了林子就是一马平川，咱们怕是撤不出去了。”,天下长宁,第七章少年血性
一直以来陆吾表现的都有些不尽如人意，可是在这一刻他说出的话里却没有一丝畏惧。,天下长宁,第七章少年血性
“长安大营新兵教导队的！”,天下长宁,第七章少年血性
陆吾喊了一声，除了他之外的十一名年轻人立刻站直了身子。,天下长宁,第七章少年血性
“咱们断后，让器叔护着高姑娘先走。”,天下长宁,第七章少年血性
随着陆吾一声呼喊，十一名士兵整齐回应。,天下长宁,第七章少年血性
“呼！”,天下长宁,第七章少年血性
他们每个人都是那么年轻，年纪最大的陆吾也不过才二十一岁，他们在长安城里本可以过着锦衣玉食的生活，可他们没有一个人甘心那样享受。,天下长宁,第七章少年血性
他们是年轻的大宁帝国的年轻人，每个人心中都有着无比崇高的理想和抱负。,天下长宁,第七章少年血性
陆吾转身看向器叔说道：“器叔，你带她往西北方向走，你们两个目标小应该能出去，我和兄弟们带上那假的渤海国君和太子往西南方向冲。”,天下长宁,第七章少年血性
高清澄立刻说道：“你们是跟着我来的，来之前就说过要听我的！”,天下长宁,第七章少年血性
陆吾咧开嘴笑：“是，来的时候是那么说的，但那是来的时候，现在不听了......你安排在渤海负责接应咱们的廷尉府暗谍多半是折了，现在轮到我们这些穿军服的站在最前边。”,天下长宁,第七章少年血性
他看向器叔：“器叔，她不听话你得管。”,天下长宁,第七章少年血性
器叔沉默了片刻，点头：“我带她走。”,天下长宁,第七章少年血性
陆吾脸上的笑容比刚才更加灿烂，在这道选择题中他选了注定了结局的那个答案。,天下长宁,第七章少年血性
“大宁战兵！”,天下长宁,第七章少年血性
陆吾朝着西南方向一指：“跟我走！”,天下长宁,第七章少年血性
十一名年轻士兵带上那两个假扮国君和太子的渤海人开始向前冲，高清澄要追却被器叔直接扛了起来。,天下长宁,第七章少年血性
跑出去一段距离后陆吾回头喊：“郡主！你很了不起，兄弟们，都喜欢你！”,天下长宁,第七章少年血性
这一路上，他们私底下不止说过一次，哪个敢向高清澄表白哪个就算纯爷们儿，他们回长安后轮流请客喝酒。,天下长宁,第七章少年血性
可是这个年纪的汉子们，哪个会不喜欢高清澄这样的女孩儿？,天下长宁,第七章少年血性
高清澄眼睛发红，没来得及回应什么就被器叔扛着往西北方向奔了出去。,天下长宁,第七章少年血性
陆吾一边跑一边和手下兄弟们喊道：“别怕，就算真的交代在这了，消息传回去，你我的老子脸上都有光，咱没丢他们的人！”,天下长宁,第七章少年血性
“冲！”,天下长宁,第七章少年血性
陆吾挥舞着手臂，也不知道是在给兄弟们加油打气，还是在向那个朝着另外一个方向而去的少女挥手告别。,天下长宁,第七章少年血性
就在他们身后大概三四里处，亲自带着六百名骑兵追过来的东韩大将尹穗举着千里眼看到了陆吾他们。,天下长宁,第七章少年血性
这位以铁血无情著称的东韩战将眼神里有几分钦佩，因为他看得出来那些宁国的年轻人其实根本没有多少经验。,天下长宁,第七章少年血性
这样的十几个人，就敢跑到渤海这来把渤海国君和太子偷走。,天下长宁,第七章少年血性
如果真的让渤海国君到了宁国，宁人就有借口向渤海出兵。,天下长宁,第七章少年血性
“边关在咱们手里，他们要想回宁国只能往西北方向找机会翻山过去，往西南的城关跑......想以此来诱惑我们追击，幼稚。”,天下长宁,第七章少年血性
在东韩领兵二十年未尝败绩的尹穗回头吩咐道：“韩尚勋，你带三百骑兵往西北方向追，其他人，跟我去会会那些勇敢的宁国年轻人。”,天下长宁,第七章少年血性
东韩将军韩尚勋立刻应了一声，分兵三百往西北方向而去。,天下长宁,第七章少年血性
另一名东韩将军李挽昊问道：“大将军，你不是说那十几个人是诱饵吗？为何，为何还要亲自率军去追？”,天下长宁,第七章少年血性
尹穗微笑道：“他们是诱饵不假，可不妨碍我想亲手抓住他们。”,天下长宁,第七章少年血性
他将马鞭往前一指，数百名骑兵随即催马向前。,天下长宁,第七章少年血性
陆吾他们正在狂奔，最后的那个年轻士兵忽然喊了一声：“不好！东韩人分兵往西北去追了！”,天下长宁,第七章少年血性
陆吾脚步骤然停住，回头看时，只见一队骑兵脚下如同踩着翻腾的白浪一样，在雪原上往西北而去。,天下长宁,第七章少年血性
这时候陆吾心里的那种骄傲感荡然无存，在绝对优势兵力面前，所谓的分兵诱敌，看起来就像是个笑话。,天下长宁,第七章少年血性
“帅旗往我们这边来了！”,天下长宁,第七章少年血性
又有人喊了一声。,天下长宁,第七章少年血性
陆吾看看西北方向，再看看那面刺眼的东韩帅旗，他咬着牙，表情逐渐狰狞。,天下长宁,第七章少年血性
“就算我们现在去追郡主也来不及了，在雪原上跑等于敌人弓箭的靶子。”,天下长宁,第七章少年血性
陆吾指了指前边不远处的一片高坡：“跟我上去，在这和东韩人拼了！”,天下长宁,第七章少年血性
十一名年轻士兵没有一个人迟疑，立刻往高坡那边转移。,天下长宁,第七章少年血性
陆吾见那两个假扮国君和太子的东韩人不断挣扎，他一怒火气，抽刀出来，一刀一个直接都给斩了。,天下长宁,第七章少年血性
马背上，尹穗看到这一幕忍不住笑了起来：“我虽早已猜到这边的人带的渤海国君是假的，可没猜到这群年轻人会如此愚蠢，勇敢和愚蠢，果然密不可分。”,天下长宁,第七章少年血性
若陆吾不杀那两个假的，尹穗就算明知道那两个是假的也难免稍有顾忌。,天下长宁,第七章少年血性
若生擒按渤海国君，接下来很多事都能变得容易起来，对于那些还在顽抗的城池来说，当尹穗让渤海国君走在最前边的时候难道守城的人还敢放箭？,天下长宁,第七章少年血性
“尽量生擒。”,天下长宁,第七章少年血性
尹穗微笑着下令：“我要把这些勇敢的宁国年轻人送到他们家门口去转一转，让宁人知道我把他们留下来做客了。”,天下长宁,第七章少年血性
数百名骑兵随即将弓箭收起来，只管伏低身子催马疾冲。,天下长宁,第七章少年血性
高坡上，陆吾深吸一口气后喊道：“就是这了，风景好地方不错，回头看，还能看到咱们来时的大慈悲山，那里就是咱大宁。”,天下长宁,第七章少年血性
他将连弩摘下来：“放近些打，能杀几个是几个！”,天下长宁,第七章少年血性
这个距离对于骑兵冲锋来说实在用不了多久，战马在向高坡上冲的时候速度才减缓下来。,天下长宁,第七章少年血性
“杀！”,天下长宁,第七章少年血性
陆吾第一个将弩箭击发出去，最前边的东韩骑兵身子压的很低所以躲过一劫，弩箭再从被后背上空飞出去后击中了另一名骑兵的肩膀。,天下长宁,第七章少年血性
十二名大宁战兵交替发箭，六个人射空弩匣后立刻装填，等那六个人也射空弩匣后，他们六个已经换好了新的。,天下长宁,第七章少年血性
虽然这是他们第一次和敌人实战，可他们平日里付出的努力在这一刻都得到了回报。,天下长宁,第七章少年血性
头前冲锋的二十几个东韩骑兵摔落马下，他们的哀嚎声让年轻的勇士们更多了几分凶狠。,天下长宁,第七章少年血性
“换箭！”,天下长宁,第七章少年血性
陆吾第二次打空弩匣后蹲下来，可就在这时候他感觉天色一暗，抬头看时，一名东韩骑兵已经飞骑而过。,天下长宁,第七章少年血性
没有丝毫迟疑，陆吾抽刀往上一捅，战马被豁开肚子后哀鸣倒地，陆吾扑过去在那东韩骑兵没起身之前抹开了他的脖子。,天下长宁,第七章少年血性
他抓起连弩刚要射击的时候，又一名骑兵直接控马朝着他撞过来。,天下长宁,第七章少年血性
陆吾横翻出去，回身一箭将那名骑兵的后颈射穿。,天下长宁,第七章少年血性
他没来得及再发一箭，一名东韩骑兵纵马狠狠的撞在他身上。,天下长宁,第七章少年血性
翻滚了几圈之后陆吾才勉强起身，胸口剧痛的同时脑袋里也嗡嗡的响着。,天下长宁,第七章少年血性
那个骑兵拨转战马第二次朝他冲撞过来，陆吾等着战马快到身前往旁边一闪，同时挥刀将马腿斩断，在战马扑倒的瞬间陆吾也扑过去一刀将敌人戳死。,天下长宁,第七章少年血性
“知道老子是谁吗！陆吾！老子一出生就有勋爵，老子可是大宁皇帝陛下看着长大的！”,天下长宁,第七章少年血性
像是发泄着什么似的，陆吾嘶吼着，然后一刀将那已经咽气的东韩骑兵头颅剁了下来。,天下长宁,第七章少年血性
他抓起头颅把头发往腰带上一别，转身还想再战的时候一根狼牙棒重重的砸在他后背上，这一击，将陆吾砸出去将近一丈远。,天下长宁,第七章少年血性
陆吾只感觉天旋地转，挣扎起身的时候没压住那口血张嘴喷了出来。,天下长宁,第七章少年血性
“老子叫陆吾！来啊！”,天下长宁,第七章少年血性
满嘴是血的陆吾面对那名持狼牙棒的骑兵再次冲撞不闪不避，在战马近身的时候一把抱住马脖子往下狠狠发力。,天下长宁,第七章少年血性
战马竟是被他掰的往前扑倒，翻滚一圈后陆吾起身一刀将那骑兵的头颅旋了下来。,天下长宁,第七章少年血性
第一批冲锋的五十名东韩骑兵，竟然被他们十二个人全都杀了。,天下长宁,第七章少年血性
这一刻，骁勇善战的尹穗也不得不承认自己低估了那些宁人。,天下长宁,第七章少年血性
“值得尊敬。”,天下长宁,第七章少年血性
尹穗伸手往前一指：“李将军，你压上去。”,天下长宁,第七章少年血性
他手下将军李挽昊一招手，带着两百名骑兵催马而出。,天下长宁,第七章少年血性
和兄弟们相互搀扶着再次回到高坡上，陆吾看到更多的骑兵席卷而来他发出一声震裂嘶吼。,天下长宁,第七章少年血性
“来啊！”,天下长宁,第七章少年血性
可就在这一刻，他忽然看到那冲到了半路的骑兵忽然减速了，紧跟着东韩人那边开始吹响号角，那支骑兵竟然在主动后撤。,天下长宁,第七章少年血性
“他们怕了！”,天下长宁,第七章少年血性
一名年轻的大宁战兵咆哮着，哈哈大笑着。,天下长宁,第七章少年血性
“咱们把他们吓住了！”,天下长宁,第七章少年血性
另外一个年轻人也压不住喜悦的大声呼喊，而陆吾则兴奋的眼睛都变得越发鲜红。,天下长宁,第七章少年血性
他一声一声的喊着。,天下长宁,第七章少年血性
直到这一刻他们都没有注意到，在他们身后的雪原上翻起来一层白色的海浪，在雪气席卷之中，一面一面红色的旗帜若隐若现。,天下长宁,第七章少年血性
马背上的尹穗眼神疑惑，他举起千里眼仔细观察，可一时之间也无法判断出来到底有多少人马在靠近，他是大将军，身边只有这二百余骑，所以他选择暂时后撤。,天下长宁,第七章少年血性
他敏锐的怀疑那些看起来来势汹汹的宁军援兵是假的，但他不是很敢去赌这一把。,天下长宁,第七章少年血性
稍微远一些的地方，叶无坷看到东韩骑兵退回去后，实在有些压抑不住，手都还在轻微的但急速的抖着。,天下长宁,第七章少年血性
“继续往前压，不要跑，就趁着风雪往前压，别用渤海话喊出声，就往前压！”,天下长宁,第七章少年血性
叶无坷喊完之后就将注意力转向另外一个方向，那边还有一支东韩骑兵似乎在追逐着什么。,天下长宁,第七章少年血性
只片刻后，叶无坷伸手拿过来一把猎叉，朝着那边疾冲而出，大奎和二奎看到他动了也跟了上去。,天下长宁,第七章少年血性
只片刻后，叶无坷伸手拿过来一把猎叉，朝着那边疾冲而出，大奎和二奎看到他动了也跟了上去。,天下长宁,第八章腿盘好
在这空旷之地三百骑兵追两个人就不可能追不上，被追的人是强是弱也只有被追上的快慢之别罢了。,天下长宁,第八章腿盘好
此时高清澄已不让器叔继续背着她，两个人速度都很快只是高清澄明显体力上差了不少。,天下长宁,第八章腿盘好
她自幼身子就弱，这些年全靠毅力支撑练功，可她所擅长，也绝非这种考验耐力上的事。,天下长宁,第八章腿盘好
两人奔跑之际，见骑兵已快至身后，高清澄回身打出几颗锥镖，形如枣核，精钢打造，去势极快。,天下长宁,第八章腿盘好
最前边的追兵毫无防备，锥镖直接打穿了他的眼窝。,天下长宁,第八章腿盘好
器叔回身用连弩点射，其精准不下于高清澄的锥镖。,天下长宁,第八章腿盘好
眼见前边有一道裂谷，宽至少数丈，别说是人，便是善于跳跃的鹿也过不去。,天下长宁,第八章腿盘好
器叔一把抓了高清澄腰带：“我先带你跳起来，到一半你以我借力跳到对面去。”,天下长宁,第八章腿盘好
高清澄道：“宁同死！”,天下长宁,第八章腿盘好
扭身避开器叔，手里已多出一把比寻常佩剑短上能有小半的剑来。,天下长宁,第八章腿盘好
此时追兵已经看出来她是女子，那呼喊之中还夹杂着一些不堪入耳的污言秽语。,天下长宁,第八章腿盘好
高清澄屏气凝神，手中如碧潭寒水一样的短剑上隐隐约约有铮鸣之声。,天下长宁,第八章腿盘好
东韩将军韩尚勋看清楚那女子样貌之后贼心顿起，他大声吩咐不可伤了那女子性命。,天下长宁,第八章腿盘好
两名骑兵朝着器叔冲撞过去，而韩尚勋则自己催马直奔高清澄。,天下长宁,第八章腿盘好
一道寒芒炸起，宛若流星坠地。,天下长宁,第八章腿盘好
抽出刀的器叔，在这一刻气场瞬变。,天下长宁,第八章腿盘好
两名靠近的东韩骑兵以及那两匹战马竟然被一刀先后斩断，血才落地的时候那抹寒光已经斩至韩尚勋马前。,天下长宁,第八章腿盘好
韩尚勋大惊失色。,天下长宁,第八章腿盘好
这一刀来的如此凶如此快，韩尚勋完全没有料到。,天下长宁,第八章腿盘好
他只能向一侧避让，惊慌失措的从马背上摔落下去，而这一刀将战马的脖子直接切开，血液喷洒中器叔跨步而出。,天下长宁,第八章腿盘好
血中一刀，势如长虹。,天下长宁,第八章腿盘好
韩尚勋跌跌撞撞后退避开，身前甲胄却被这一刀裂开一条口子，再深毫厘，就可能将韩尚勋开膛破肚。,天下长宁,第八章腿盘好
几名骑兵冲过来救下韩尚勋，用马刀围着器叔劈砍。,天下长宁,第八章腿盘好
器叔身若游龙在几匹马之间来回穿梭，于缝隙之中出刀杀敌。,天下长宁,第八章腿盘好
有东韩骑兵欲从背后偷袭，被高清澄一镖击穿咽喉坠马。,天下长宁,第八章腿盘好
“杀了他们！都杀了！”,天下长宁,第八章腿盘好
韩尚勋被器叔那两刀吓得肝胆欲裂，哪还有什么心思去管那美人儿。,天下长宁,第八章腿盘好
得到命令的东韩骑兵纷纷摘下弓弩，他们人多势众，完全没有必要上前和那两个宁人搏命，之前不用弓箭导致死了几个人还不都是韩尚勋好色的缘故。,天下长宁,第八章腿盘好
眼看着那几个东韩士兵已将弓箭拉满，一道黑色流光从侧面笔直飞来。,天下长宁,第八章腿盘好
器叔正把高清澄往自己身后拉的时候，眼睁睁看着一杆铁叉从自己面前飞了过去。,天下长宁,第八章腿盘好
铁叉将一排弓箭手的弓全都打落，那少年宛若苍鹰一样飞掠而来。,天下长宁,第八章腿盘好
“大宁战兵来了！”,天下长宁,第八章腿盘好
叶无坷用东韩人的话大吼一声，而在他身后大奎二奎挥舞猎叉来势汹汹。,天下长宁,第八章腿盘好
东韩人也没有反应过来为什么宁人救兵到了，还非要用他们的话喊上一嗓子。,天下长宁,第八章腿盘好
可这一嗓子确实把包括韩尚勋在内的所有东韩人都吓了一跳，韩尚勋下意识往远处看，只见雪浪翻滚，不知道有多少人马杀了过来。,天下长宁,第八章腿盘好
叶无坷飞身而起将一名东韩骑兵踹落马下，他直接跨上战马试图追击。,天下长宁,第八章腿盘好
这家伙第一次骑马完全不知道如何摆弄，可竟然在片刻之后便能催马而出。,天下长宁,第八章腿盘好
器叔看到这一幕没来由想起之前没见过连弩的叶扶摇，拿起连弩就能精准点射杀人。,天下长宁,第八章腿盘好
这两兄弟，越发令人好奇。,天下长宁,第八章腿盘好
叶无坷骑马追，大奎二奎大步流星都跟着追，这三个人竟然一点也不像是虚张声势，就在那几百名东韩骑兵后边死死咬着。,天下长宁,第八章腿盘好
高清澄缓了片刻才反应过来：“快喊他回来。”,天下长宁,第八章腿盘好
器叔连着喊了几句，那三人却完全听不到一样只管往前撵，要说叶无坷无师自通的骑马已足够让人惊奇，再看大奎二奎兄弟飞奔的速度竟然不落奔马！,天下长宁,第八章腿盘好
“杀！”,天下长宁,第八章腿盘好
叶无坷大声呼喊，嗓音略显沙哑。,天下长宁,第八章腿盘好
器叔从军多年，都没有见过三个人靠虚张声势吓走敌人还敢紧追不舍的。,天下长宁,第八章腿盘好
叶无坷往旁边摸了摸，马鞍桥一侧挂着骑弓和箭壶，他随手抓了一支箭搭上，发力一拉，用力过猛，嘣的一声将弓拉断。,天下长宁,第八章腿盘好
他将骑弓随手扔了，抓了一支羽箭出来，稍微瞄准一下后就往前投掷，这般做法明显是菜鸟之中的菜鸟了。,天下长宁,第八章腿盘好
然而惊慌失措的韩尚勋一回头正好看到那宁人小将拉断了骑弓，只一眼他就确定自己不是那家伙对手。,天下长宁,第八章腿盘好
再看那家伙拿着羽箭一支一支往前投掷，竟然投出弓弦之力，后边的几个骑兵，接二连三的被羽箭集中落马。,天下长宁,第八章腿盘好
那两个凶悍的犹如夜叉的步将，速度快的居然稳稳超过战马半头，只是奔跑起来，着实难看。,天下长宁,第八章腿盘好
大奎奔走急追上一名东韩骑兵，伸手抓住战马后腿发力一拉就将战马放倒，二奎顺势一叉，那骑兵脑壳洞穿。,天下长宁,第八章腿盘好
被叶无坷飞箭打落的骑兵皆被两人所杀，二奎的猎叉戳在东韩骑兵脑壳上，一时之间竟然抽不出来，那家伙索性插着个死尸往前奔，极其凶残。,天下长宁,第八章腿盘好
“大奎哥！”,天下长宁,第八章腿盘好
叶无坷喊道：“猎叉给我！”,天下长宁,第八章腿盘好
大奎毫不犹豫的就把猎叉递给叶无坷，马背上叶无坷单手握着猎叉卯足力气狠狠一掷！,天下长宁,第八章腿盘好
那把猎叉极速旋转着飞去，一叉正中韩尚勋后心。,天下长宁,第八章腿盘好
这位东韩正四品骑兵将军，死都想不到他是被一个第一次上战场的菜鸟所杀。,天下长宁,第八章腿盘好
主将落马，剩下的东韩人更不敢恋战。,天下长宁,第八章腿盘好
二百多名骑兵被三人追出去能有五六里，那三人才好像一脸不怎么过瘾的反身回来。,天下长宁,第八章腿盘好
叶无坷牵着马往回走，故意走的从容不迫，那些逃走的骑兵回头看他如此放肆，更不敢怀疑那伏兵真假。,天下长宁,第八章腿盘好
大奎拖着猎叉，猎叉上还戳着一个穿铁甲的将军，二奎也拖着猎叉，因为那脑壳实在不好甩掉他干脆连尸体也给拖了回来。,天下长宁,第八章腿盘好
这两个家伙本来就生的高大面相又凶，此时模样就更像是索命的厉鬼一样。,天下长宁,第八章腿盘好
“你怎么那么大的胆子！”,天下长宁,第八章腿盘好
高清澄快步迎上去，质问这句话的时候语气之中哪有什么气愤。,天下长宁,第八章腿盘好
叶无坷笑道：“我若不敢追，敌兵必很快看出我们虚实，我越是显得胆大包天，敌人就越是觉得我们是真的无所顾忌。”,天下长宁,第八章腿盘好
器叔点了点头：“不错，但若无胆色谁敢如此。”,天下长宁,第八章腿盘好
叶无坷笑着说道：“只是吓住了敌人而已，不过现在咱们就得快快跑路了。”,天下长宁,第八章腿盘好
器叔问：“你哪里找来的那些援兵？”,天下长宁,第八章腿盘好
大奎道：“我妹夫了不起的很，附近十几二十个村子的渤海人都听他的！”,天下长宁,第八章腿盘好
“妹夫？”,天下长宁,第八章腿盘好
高清澄下意识看向叶无坷，叶无坷朝着她摇头笑了笑。,天下长宁,第八章腿盘好
“咱们快走吧，我骗那些渤海百姓，说我是从他们都城出来打前站的，我说他们皇帝要来这里避难，让他们分派人手替我打探情报，若是看到有从东北方向来的队伍，不管是什么人都要向我报告。”,天下长宁,第八章腿盘好
叶无坷一边走一边说道：“好在是没漏了破绽，但现在真的没空说这些要抓紧跑才行。”,天下长宁,第八章腿盘好
高清澄往另外一个方向看了看，陆吾他们已经往这边赶过来了。,天下长宁,第八章腿盘好
不见那两个假扮成渤海国君和太子的人，高清澄马上就反应过来叶无坷为什么说要赶紧跑才行。,天下长宁,第八章腿盘好
“你说你是渤海国君派来打前站的，那些百姓就信了？”,天下长宁,第八章腿盘好
器叔忍不住好奇的问了一句。,天下长宁,第八章腿盘好
不等叶无坷说话，二奎接话道：“我妹夫最会哄老太太，这些村子里的老太太都被他轻松拿下！”,天下长宁,第八章腿盘好
高清澄又一怔：“老太太？”,天下长宁,第八章腿盘好
大奎道：“妇女都喜欢他。”,天下长宁,第八章腿盘好
高清澄：“？”,天下长宁,第八章腿盘好
叶无坷哪里有空解释这个，见陆吾等人到了之后就率先往西北大慈悲山方向过去。,天下长宁,第八章腿盘好
别说那些渤海百姓会反应过来，之前逃走的那些东韩骑兵用不了多久也会反应过来。,天下长宁,第八章腿盘好
叶无坷是不知道领兵来的是东韩大将军尹穗，若知道他跑的会更快些。,天下长宁,第八章腿盘好
他不知道尹穗有多厉害，但能做到大将军的必然不是什么酒囊饭袋。,天下长宁,第八章腿盘好
见高清澄一边跑一边看向自己，叶无坷道：“你给我的银子我带了些来，分给那些村子里的人，就说是渤海国君赏给他们的，等国君到了，凡出力者都是有功之臣。”,天下长宁,第八章腿盘好
高清澄点了点头。,天下长宁,第八章腿盘好
片刻后她轻声说道：“谢谢。”,天下长宁,第八章腿盘好
叶无坷道：“谢什么，回头记得把银子补给我。”,天下长宁,第八章腿盘好
高清澄笑道：“十倍百倍补给你。”,天下长宁,第八章腿盘好
叶无坷道：“十倍百倍倒也不用，花了能有一百两左右你如数给我就是。”,天下长宁,第八章腿盘好
高清澄侧头看着那少年，忽然发现这家伙明眸皓齿笑起来真的有些好看。,天下长宁,第八章腿盘好
器叔此时说道：“那一百两是上次给你的酬劳，这次理当再给。”,天下长宁,第八章腿盘好
叶无坷道：“上次是你们请我帮忙，这次是我自愿来的，请我自然要给钱，我自己要来凭什么再要钱。”,天下长宁,第八章腿盘好
器叔心说果然是二傻。,天下长宁,第八章腿盘好
但对这个少年，真是越看越喜欢。,天下长宁,第八章腿盘好
众人一口气跑到山崖下边，此时绳索还在，从痕迹判断，叶扶摇带着那个二皇子权结应该已经先一步上去了。,天下长宁,第八章腿盘好
“那家伙连等都不等！”,天下长宁,第八章腿盘好
陆吾不满的哼了一声。,天下长宁,第八章腿盘好
高清澄道：“说好分开行动，他不等也没有什么错处。”,天下长宁,第八章腿盘好
陆吾又哼了一声，看向叶无坷时眼神立刻柔和了，他咧开嘴傻笑起来：“你比你哥好，以后我们就是兄弟。”,天下长宁,第八章腿盘好
叶无坷摇头道：“我比我哥差得远了......大奎哥二奎哥你们两个先上去。”,天下长宁,第八章腿盘好
大奎二奎应了一声，顺着绳索灵活的爬了上去。,天下长宁,第八章腿盘好
那两兄弟看似愚笨可动作快如灵猿，而且丝毫也不害怕似的。,天下长宁,第八章腿盘好
“你是他们两个的妹夫？”,天下长宁,第八章腿盘好
高清澄一边理着被风吹乱的发丝，一边貌似不经意的问了一句。,天下长宁,第八章腿盘好
叶无坷道：“他们有两个妹妹。”,天下长宁,第八章腿盘好
器叔眼神一亮：“两个？”,天下长宁,第八章腿盘好
陆吾嘴角一扬：“不错噢。”,天下长宁,第八章腿盘好
可再想到大奎二奎那个样貌，他又立刻替叶无坷难过起来。,天下长宁,第八章腿盘好
叶无坷一边把绳子在自己腰上绕了一圈，一边朝着高清澄伸手：“看你气力已经尽了，靠你自己万万爬不上去，稍有闪失，死个屁的，你趴在我背后，我背你上去。”,天下长宁,第八章腿盘好
高清澄看向器叔，器叔道：“攀爬来说，我应该不如他。”,天下长宁,第八章腿盘好
高清澄心说自己怎么又有些没道理的矫情，这样哪里还像是自己了，于是往叶无坷后背上一趴，然后就就听到叶无坷那令她脸一红的声音钻进耳朵里来。,天下长宁,第八章腿盘好
“腿盘我腰上！”,天下长宁,第八章腿盘好
“腿盘我腰上！”,天下长宁,第九章相逢已是上上签
从大慈悲山下来之前他们费力将绳索收了上来，砍断了当然也行但叶无坷觉得过于浪费。,天下长宁,第九章相逢已是上上签
从小就明白勤俭持家是什么意思的少年，脚上的袜子补丁就有六七处。,天下长宁,第九章相逢已是上上签
回到无事村，来时的车马还在，高清澄她们似乎就可以直接离开此地赶回长安。,天下长宁,第九章相逢已是上上签
可陆吾等十二人却不会随高清澄走，他们凑在一起神神秘秘的商量什么似的商量了好一会儿。,天下长宁,第九章相逢已是上上签
原本以为小姜头离开就会很久才回来的老猎户倒是喜出望外，然后他才醒悟过来，老大离开之前交代的那句照顾好爷爷已经刻在小姜头心里了。,天下长宁,第九章相逢已是上上签
高清澄将叠整齐的熊皮袄双手捧着递给叶无坷，叶无坷看到后就眼神一亮：“从有这件皮袄它就没被叠的这么漂亮过。”,天下长宁,第九章相逢已是上上签
高清澄因为这句话而开心起来，这个时候的她好像才是本该就因为简单快乐就快乐起来的小姑娘。,天下长宁,第九章相逢已是上上签
她说：“收起来吧。”,天下长宁,第九章相逢已是上上签
叶无坷一边摇头一边问：“我没有说过把它送给你了？”,天下长宁,第九章相逢已是上上签
高清澄学着他的样子摇头：“你没有，你说的是穿上它风都打不透。”,天下长宁,第九章相逢已是上上签
叶无坷道：“我记得我不止说了这句。”,天下长宁,第九章相逢已是上上签
高清澄嗯了一声后说道：“是，你还说可别把你冻死个屁的了。”,天下长宁,第九章相逢已是上上签
叶无坷一挠头：“原话？”,天下长宁,第九章相逢已是上上签
高清澄：“差不多吧，就跟你在悬崖上说可别把你摔死个屁的了差不多。”,天下长宁,第九章相逢已是上上签
这个从小在那种庄严肃穆环境下长大的丫头，因为说了两句不算粗话的粗话心里居然还有些许雀跃。,天下长宁,第九章相逢已是上上签
叶无坷道：“那我现在正式一些，请你收下这件礼物。”,天下长宁,第九章相逢已是上上签
高清澄想了想，点头：“好的。”,天下长宁,第九章相逢已是上上签
她看到器叔在朝着她招手，突然之间心里生出一种莫名其妙的不浓烈可就是有些难受的感觉来。,天下长宁,第九章相逢已是上上签
“长安挺好看的。”,天下长宁,第九章相逢已是上上签
她说。,天下长宁,第九章相逢已是上上签
叶无坷点头：“那有空去看看？”,天下长宁,第九章相逢已是上上签
用的语气像是在请示，这让小姑娘觉得反倒是自己小家子气了。,天下长宁,第九章相逢已是上上签
她说：“想什么时候去就什么时候去，我平时就在两个地方，要么是雁塔书院，要么是......这个暂时不能告诉你。”,天下长宁,第九章相逢已是上上签
叶无坷道：“那我若是到了长安就雁塔书院找你，找不到我就等着。”,天下长宁,第九章相逢已是上上签
高清澄笑，眼睛亮晶晶的。,天下长宁,第九章相逢已是上上签
她说：“我送你的那块牌子你收好，万一到了危险的时候能有用，当然，只是在大宁之内。”,天下长宁,第九章相逢已是上上签
叶无坷拍了拍胸口：“贴心收着呢。”,天下长宁,第九章相逢已是上上签
小姑娘因为这句随口而出的话心里砰了一下，她不能确定这个家伙是不是故意逗她的。,天下长宁,第九章相逢已是上上签
“走了。”,天下长宁,第九章相逢已是上上签
她从来都不是个扭捏的人，该离开的时候就离开，况且她还猜测，叶扶摇会在长安城外等她。,天下长宁,第九章相逢已是上上签
上了马车之后高清澄拉开车窗，风灌进去的时候她下意识的裹紧大氅。,天下长宁,第九章相逢已是上上签
本想和那个有意思的家伙再说一句什么，话到嘴边又不知道还能说句什么。,天下长宁,第九章相逢已是上上签
然后就听到那个家伙一边挥手一边喊：“快把窗户关上吧，别把你冻死个屁的了。”,天下长宁,第九章相逢已是上上签
“嘁......”,天下长宁,第九章相逢已是上上签
高清澄将车窗关好，坐在那，两条修长的腿伸直了，两个脚丫在那一勾一勾的动着。,天下长宁,第九章相逢已是上上签
侧头看了看放在旁边的熊皮袄，小姑娘伸手拍了拍，眼睛微微眯着，手上动作轻柔。,天下长宁,第九章相逢已是上上签
器叔似乎是感受到了高清澄在过往完全没有过的情绪，他忍不住笑了笑但并没有点破什么。,天下长宁,第九章相逢已是上上签
这辆看起来普通但实则连重弩都轰不穿的马车离开了无事村，在村口小姑娘再次看到那泥塑的时候心口微微一沉。,天下长宁,第九章相逢已是上上签
师父曾说，这个世上最厉害的毒叫快乐，沉迷快乐，就会忽略很多很多本该沉重的东西。,天下长宁,第九章相逢已是上上签
所以在长安城她总是让自己看起来很庄重肃然，因为她觉得那该是师父希望她该有的样子。,天下长宁,第九章相逢已是上上签
心情忽然就又沉重下来的高清澄轻轻吐出一口气，车厢里的火盆似乎感受到了小姑娘的郁结，于是呼哧呼哧的更为努力的燃烧起来，该是想暖一暖小姑娘的心窝。,天下长宁,第九章相逢已是上上签
就在这时候马车忽然又停下来，高清澄疑惑的抬头问道：“怎么了，器叔？”,天下长宁,第九章相逢已是上上签
器叔回答：“你听。”,天下长宁,第九章相逢已是上上签
高清澄侧耳，隐隐约约的好像听到什么声音，她打开车窗探出头往后看，就见那个傻小子已经追到村口还在大声呼喊。,天下长宁,第九章相逢已是上上签
“要不要吃个饭再走啊！”,天下长宁,第九章相逢已是上上签
高清澄心里刚刚出现的郁结没有被车厢里的火盆消融，却被这车窗外的寒风和寒风中那傻小子的笑脸融化了。,天下长宁,第九章相逢已是上上签
她喊：“吃什么啊！”,天下长宁,第九章相逢已是上上签
叶无坷喊：“上车饺子下车面，吃饺子啊。”,天下长宁,第九章相逢已是上上签
高清澄喊：“什么馅儿的啊！”,天下长宁,第九章相逢已是上上签
叶无坷喊：“没想好啊。”,天下长宁,第九章相逢已是上上签
高清澄嘟起嘴自言自语：“一点儿也不像是诚心诚意的样子，连吃什么馅儿都没想好就瞎追......”,天下长宁,第九章相逢已是上上签
器叔噗嗤一声就笑了：“有时候什么都想好了的礼遇周全，未必及的上什么都没想好的仓促诚意，如果不珍视这样的仓促诚意，反倒是显得我们高高在上不懂礼数。”,天下长宁,第九章相逢已是上上签
高清澄背着手下车：“器叔你就是想吃人家一顿饺子。”,天下长宁,第九章相逢已是上上签
器叔点头：“嗯嗯嗯，是我是我。”,天下长宁,第九章相逢已是上上签
这不苟言笑的汉子，也不知道为什么这一刻话突然也多了起来，他板着脸的威严和肃杀，都在咧嘴笑的时候荡然无存。,天下长宁,第九章相逢已是上上签
高清澄喊：“有肉吗！”,天下长宁,第九章相逢已是上上签
叶无坷喊：“难搞噢。”,天下长宁,第九章相逢已是上上签
高清澄再喊：“萝卜白菜呢？”,天下长宁,第九章相逢已是上上签
叶无坷：“有的啊！”,天下长宁,第九章相逢已是上上签
高清澄背着手往回走点点头说：“我还挺爱吃萝卜白菜的。”,天下长宁,第九章相逢已是上上签
器叔不走：“连肉都没有，还真是一点诚意都没有啊，我看，这饺子吃不吃也罢。”,天下长宁,第九章相逢已是上上签
高清澄一边走一边说：“有些时候什么都想好了的礼遇周全，未必及得上什么都没有想好的仓促诚意，不珍视这样的诚意，反倒是显得我们高高在上不懂礼数。”,天下长宁,第九章相逢已是上上签
器叔撇嘴。,天下长宁,第九章相逢已是上上签
其实肉还是有的，真的是难搞而已。,天下长宁,第九章相逢已是上上签
当高清澄看着叶无坷拎着一个镐头出屋就好奇的跟了上去，叶无坷走到院子一侧堆起来的雪堆旁边，挽起袖口哈了哈气，然后朝着那冻瓷实了的雪堆一镐锛了下去。,天下长宁,第九章相逢已是上上签
“肉都冻在雪堆里，原本是留着过年吃的。”,天下长宁,第九章相逢已是上上签
叶无坷很艰难的锛开冻雪，从里边拽出来一大块冻肉，他捧着冻肉回身的那一刻，笑容灿烂。,天下长宁,第九章相逢已是上上签
“这一大块肉二十个人也够吃了的。”,天下长宁,第九章相逢已是上上签
在说话的时候，却看到高清澄的眼角微红。,天下长宁,第九章相逢已是上上签
她轻声问：“那你们过年的时候怎么办？”,天下长宁,第九章相逢已是上上签
叶无坷很诚恳的回答：“再刨啊，这样的肉雪堆里冻着十七八块。”,天下长宁,第九章相逢已是上上签
高清澄转身往回走，仰起头的样子是在想这一颗眼泪你要是敢掉下来老娘就敢给你吞下去。,天下长宁,第九章相逢已是上上签
仓促诚意？,天下长宁,第九章相逢已是上上签
他特么就是仓促......,天下长宁,第九章相逢已是上上签
此时天空还飘着雪，纯洁无瑕，高清澄走着走着莫名其妙想起来叶无坷在无事村里仰头看雪的时候，她正在渤海的雪原上逆着风雪飞奔。,天下长宁,第九章相逢已是上上签
于是更莫名其妙的事发生了，那句两处相思同淋雪，此生也算共白头从脑海中冒出来，也许是才十五六岁的小姑娘，总会因为这样的词句而心有所触。,天下长宁,第九章相逢已是上上签
然后她又想到自己这是在胡思乱想个什么东西......,天下长宁,第九章相逢已是上上签
“其实......喊你回来，不是因为想请你吃饭。”,天下长宁,第九章相逢已是上上签
这时候她身后传来叶无坷的声音。,天下长宁,第九章相逢已是上上签
小姑娘回头看他义正辞严：“肉才刨出来的你还想放回去？”,天下长宁,第九章相逢已是上上签
叶无坷这才醒悟她误会了，连忙解释道：“我阿爷教我卜卦，我给你卜了几次都是下下签，果然就在渤海那边遇到了危险，我还想提醒你，也许回到长安你该更小心些才行。”,天下长宁,第九章相逢已是上上签
高清澄微微一怔。,天下长宁,第九章相逢已是上上签
片刻后她忽然笑起来，微微扬起的嘴角全是能把这寒冬按在地上摩擦的温柔，眼睛里的光彩则能让璀璨星辰黯然失色，她一本正经的问：“你给我卜了下下签，所以就跑去渤海那边接应我？”,天下长宁,第九章相逢已是上上签
叶无坷道：“主要是我哥也跟你在一块儿呢，我怕你运气这么差连累他。”,天下长宁,第九章相逢已是上上签
高清澄微微扬着的嘴角微微的抽了抽。,天下长宁,第九章相逢已是上上签
她回身走，又怕显得尴尬，于是问：“给你自己卜过没有？”,天下长宁,第九章相逢已是上上签
叶无坷抱着大块冻肉在她身后跟着：“卜了，是中上签，我哥是上上签。”,天下长宁,第九章相逢已是上上签
不等高清澄说话，叶无坷就一边走一边继续说了下去。,天下长宁,第九章相逢已是上上签
“可是我想，你的下下签是怎么来的？我阿爷说，在我遇到你之前这么多年，他每次给我卜卦都是下下签......是因为我遇到了你所以才有的中上签，而你遇到了我所以才有的下下签，必是我连累了你，我得去找你。”,天下长宁,第九章相逢已是上上签
小姑娘脚步再次停住，回头仔细看着那少年的脸，她试图在这张脸上看到虚伪，看到市侩，看到逢迎，可看到的只有平淡，平淡的就好像这里的冬天就该下雪，冻肉就该埋在雪堆里。,天下长宁,第九章相逢已是上上签
风雪大的时候你就该穿上那件熊皮袄，想吃肉就得把冻雪一镐一镐的锛开，而我连累了你我就该救你。,天下长宁,第九章相逢已是上上签
至于你穿上我的熊皮袄我可能会冷，你想吃肉我刨开冻雪我可能很累，你下下签我去救你我可能会死，他反而不在乎。,天下长宁,第九章相逢已是上上签
对于叶无坷来说，这好像就该是天经地义。,天下长宁,第九章相逢已是上上签
她就那么看着叶无坷，把原本一脸平静的叶无坷看的有些迷茫起来，看的时间稍显久了些，以至于这少年怀疑自己脸上是不是沾了什么脏东西。,天下长宁,第九章相逢已是上上签
可这苦寒天气连一只鸟儿都不曾飞过所以断然不可能有鸟屎，但大奎好像不久前挖过鼻孔还甩了甩，若脸上真的是鼻屎......那真的是丑爆了啊。,天下长宁,第九章相逢已是上上签
于是他问：“我脸上是有鸟屎？”,天下长宁,第九章相逢已是上上签
高清澄微微摇头。,天下长宁,第九章相逢已是上上签
叶无坷自语：“死大奎......”,天下长宁,第九章相逢已是上上签
看着那少年被雪白了头的片刻之后，小姑娘心里莫名其妙又出现了那句两处相思同淋雪，此生也算共白头。,天下长宁,第九章相逢已是上上签
然后她在心里把这两句话擦掉，提笔写上：白头岂是雪可替，相逢已是上上签。,天下长宁,第九章相逢已是上上签
她深呼吸，然后无比认真的对叶无坷说道：“我从小到大运气一直好，遇上你变成下下签，这是很严重的事啊......”,天下长宁,第九章相逢已是上上签
叶无坷稍显局促起来，他想问我还能帮你做些什么？,天下长宁,第九章相逢已是上上签
“肉多些！”,天下长宁,第九章相逢已是上上签
高清澄盯着叶无坷怀里抱着的那好大一块冻肉凶残残恶狠狠的说道：“吃纯肉馅儿的，你要是敢放一点萝卜白菜这仇就不共戴天！”,天下长宁,第九章相逢已是上上签
高清澄盯着叶无坷怀里抱着的那好大一块冻肉凶残残恶狠狠的说道：“吃纯肉馅儿的，你要是敢放一点萝卜白菜这仇就不共戴天！”,天下长宁,第十章该去的地方
星空好像从来都一样，尤其是对于抬头远望的人来说，不管怎么看，往哪儿看，每一颗星辰都叫思念。,天下长宁,第十章该去的地方
高清澄本以为长安的星空会比别处更亮些也更大些，原来站在这个渺小村落的渺小院落里抬头看到的才更浩瀚。,天下长宁,第十章该去的地方
而站在高清澄身边的叶无坷此时此刻也在专注的看着星辰，却没有抬头。,天下长宁,第十章该去的地方
他看到的星辰和高清澄看到的星辰用的是同一双眼睛，但偏偏叶无坷看到的星辰就比高清澄看到的星辰，多两颗。,天下长宁,第十章该去的地方
更璀璨，更清澈，也更迷人更醉人的两颗。,天下长宁,第十章该去的地方
“你是在想念什么？”,天下长宁,第十章该去的地方
叶无坷应是读懂了那两颗最璀璨的星，所以话痨的他就一定会忍不住问出口。,天下长宁,第十章该去的地方
高清澄还是那样抬着头看着星，坦然回答了一个字：“家。”,天下长宁,第十章该去的地方
然后她随口问叶无坷：“你呢？”,天下长宁,第十章该去的地方
叶无坷也坦然回答：“我在家呢。”,天下长宁,第十章该去的地方
高清澄的视线从星辰上收回来，侧头看叶无坷的眼神已经纯澈到只剩下想对这个家伙刀一下。,天下长宁,第十章该去的地方
叶无坷应是又读懂了那两颗璀璨的星里藏刀，于是自觉的滑步后撤。,天下长宁,第十章该去的地方
第一次在还算陌生的地方与还算陌生的少年一起看星星的少女，没办法心如止水。,天下长宁,第十章该去的地方
但她无法做到的心如止水和暧昧没有一根发丝的关系，她只是诧异于自己为什么在这少年身边会没有丝毫防备。,天下长宁,第十章该去的地方
“你家一定很暖吧。”,天下长宁,第十章该去的地方
叶无坷忽然问了一声。,天下长宁,第十章该去的地方
高清澄反问：“为什么这么觉得？”,天下长宁,第十章该去的地方
叶无坷说：“因为值得想念的都是暖的。”,天下长宁,第十章该去的地方
高清澄竟是没有想到会是这样的答案，她本以为你家很暖的暖这个字单纯的只是暖。,天下长宁,第十章该去的地方
她想到了那个巨大到让第一次进去的人会有些害怕的房间，哪怕寒冬腊月也不会点上一点炉火的地方。,天下长宁,第十章该去的地方
那里有犹如浩瀚宇宙一样的文献典籍和各种档案卷宗，其中蕴含的力量亦如星河。,天下长宁,第十章该去的地方
那里还有一位严肃刻板冷若冰霜的妇人，给了她稍微出错就会有的苛责教导，也给了她，从小到大一直都没缺失过的陪伴。,天下长宁,第十章该去的地方
“呼......”,天下长宁,第十章该去的地方
高清澄想到了师父那张似乎永远都不会露出笑容的脸，于是她的脸上不由自主的露出了满是暖意的笑容。,天下长宁,第十章该去的地方
轻轻吐出一口气的少女问身边的少年：“你家里有没有一个......一直对你要求很严格的人？”,天下长宁,第十章该去的地方
叶无坷脑海里瞬息之间就冒出来那个家伙的脸，那个从小到大他稍微懒惰些就会拎着耳朵把他拽回去练功的可恶家伙。,天下长宁,第十章该去的地方
“有。”,天下长宁,第十章该去的地方
叶无坷回答。,天下长宁,第十章该去的地方
高清澄问：“那你......怕他吗？”,天下长宁,第十章该去的地方
叶无坷摇头：“为什么要怕他？一个时时刻刻事事处处都为你好的人，就算他看起来冷冰冰的甚至不愿意搭理你，但他不可怕啊......从不应该去害怕对你好的人，哪怕他有一张总是板着的臭脸。”,天下长宁,第十章该去的地方
高清澄深深点头：“嗯，臭脸。”,天下长宁,第十章该去的地方
叶无坷道：“相信我，都是装的，可能只是因为他们觉得，有装出臭脸的必要，但像我们这样聪明绝顶的人，一定要清楚他们是装的！”,天下长宁,第十章该去的地方
她很开心。,天下长宁,第十章该去的地方
因为叶无坷的话其实正是她心里但是从没表达出来的想法，但她在长安的时候确实很怕师父。,天下长宁,第十章该去的地方
所以她问：“那，你是怎么和这样的人相处的？”,天下长宁,第十章该去的地方
叶无坷回答的理所当然：“粘着他，像尾巴一样粘着他，他看起来讨厌抱抱你就偏时不时的抱抱，他看起来不喜欢说话你就偏总在他身边絮絮叨叨，他看起来总是板着个臭脸......难道你不会做个鬼脸攻破他的臭脸？”,天下长宁,第十章该去的地方
说到这的时候叶无坷抬起头看向夜空，那繁密星辰之下的少年眼神亦如星辰璀璨。,天下长宁,第十章该去的地方
是想念。,天下长宁,第十章该去的地方
“做个鬼脸攻破她的臭脸？”,天下长宁,第十章该去的地方
高清澄喃喃自语。,天下长宁,第十章该去的地方
“对啊。”,天下长宁,第十章该去的地方
叶无坷抬起两只手，用两根食指勾着嘴角：“像我这样，吐出舌头，然后......噗啦噗啦噗啦噗啦......”,天下长宁,第十章该去的地方
高清澄别过头：“幼稚！”,天下长宁,第十章该去的地方
叶无坷：“看你那臭脸。”,天下长宁,第十章该去的地方
高清澄：“你才臭脸！”,天下长宁,第十章该去的地方
叶无坷：“无知无畏的女人，那你敢面对我吗？”,天下长宁,第十章该去的地方
高清澄：“有何不敢？”,天下长宁,第十章该去的地方
叶无坷：“噗啦噗啦噗啦噗啦......”,天下长宁,第十章该去的地方
高清澄别过头：“幼稚......就是幼稚。”,天下长宁,第十章该去的地方
她想，这臭脸果然是能装出来的。,天下长宁,第十章该去的地方
她还想，莫非这样做真的能有用？若她在师父面前有这般举动，师父她老人家......大概会去请老真人来看看她是不是被什么夺了舍。,天下长宁,第十章该去的地方
蠢蠢欲动。,天下长宁,第十章该去的地方
叶无坷张开五指又握拳：“没有人能够抵抗撒娇，除非他真的厌恶你。”,天下长宁,第十章该去的地方
高清澄哼了一声。,天下长宁,第十章该去的地方
蠢蠢欲动逐渐升级。,天下长宁,第十章该去的地方
高清澄冷静了好一会儿后才问：“你撒娇的时候，你哥怎么应付你的？”,天下长宁,第十章该去的地方
叶无坷道：“臣服于我。”,天下长宁,第十章该去的地方
高清澄看向他：“真的？”,天下长宁,第十章该去的地方
叶无坷一本正经的说道：“撒娇一次扎马步半个时辰，稍有反抗，倒吊半个时辰，但这只是表象，他内心臣服于我。”,天下长宁,第十章该去的地方
高清澄抱拳道：“受教了，听君一席话困的睁不开眼。”,天下长宁,第十章该去的地方
叶无坷道：“把熊皮袄放在身边，火炕后半夜就凉了会很冷。”,天下长宁,第十章该去的地方
高清澄一边走一边挥手：“晓得了，明天见。”,天下长宁,第十章该去的地方
她没回头，声音很轻的说了声谢谢。,天下长宁,第十章该去的地方
走路的时候两只小手莫名其妙的握拳，心里已经吹响了挑战师父那张严肃脸的号角。,天下长宁,第十章该去的地方
叶无坷看着高清澄回屋后他再次抬起头看向夜空，想着那个总是板着臭脸的家伙也不知道现在睡了没有。,天下长宁,第十章该去的地方
在寒风中站了好一会儿，叶无坷在每天夜里固定的时间回到屋里烧水，然后端着热水到爷爷面前，一脸硬气：“我数到三，是你自己把鞋袜脱了还是我跪下来给你脱？”,天下长宁,第十章该去的地方
阿爷一边左右脚踩着鞋跟脱鞋一边问：“怎么不去照顾客人？”,天下长宁,第十章该去的地方
叶无坷道：“他们应该不用我给洗脚......嗯，她应该也不用。”,天下长宁,第十章该去的地方
阿爷笑道：“我也不用你每天都帮我洗脚，阿爷又不是老的动不了。”,天下长宁,第十章该去的地方
叶无坷道：“你老的动不了的时候还指望我给你洗脚？我那时候肯定已经出人头地富可敌国，随随便便，请几个老太太伺候你。”,天下长宁,第十章该去的地方
阿爷摇头：“我不要老太太碰我。”,天下长宁,第十章该去的地方
叶无坷：“怎么还羞涩了起来？”,天下长宁,第十章该去的地方
阿爷再摇头：“我想要年轻的。”,天下长宁,第十章该去的地方
叶无坷哈哈大笑，搬了个马扎坐下，俯身给阿爷洗脚，动作轻柔。,天下长宁,第十章该去的地方
阿爷小腿上的伤疤依然触目惊心，那头千斤重的沙里干子一巴掌就扫掉了半个小腿肚子的血肉。,天下长宁,第十章该去的地方
“刚才陆吾陆大哥找我好好聊了一会儿。”,天下长宁,第十章该去的地方
叶无坷一边给阿爷洗脚一边说道：“他说，他们这次其实并不是专程去渤海那边，本是要去青州洞泽山，他说去渤海是借着这次机会，不然就算他们有心也无力随意离开长安。”,天下长宁,第十章该去的地方
阿爷道：“看得出来都是富贵出身，真的是和原来不一样了。”,天下长宁,第十章该去的地方
叶无坷知道阿爷是什么意思，前朝大楚时候，别说像是陆吾这样一眼就能看出富贵的官家出身的人，就算是那些小富的商人之子哪个不是飞扬跋扈鱼肉乡里？,天下长宁,第十章该去的地方
镇子上那个不入品的小吏就能把人命当草芥，什么样的坏事没做过什么样的坏事不敢做？,天下长宁,第十章该去的地方
阿爷感慨这句话是因为，陆吾他们这样出身的人愿意主动找到他孙子好好聊几句，这就是不一样的世道，阿爷开心。,天下长宁,第十章该去的地方
“想让你跟他们走？”,天下长宁,第十章该去的地方
阿爷问。,天下长宁,第十章该去的地方
叶无坷道：“他说朝廷在青州洞泽山那边正在兴建东疆武库，他们都要去那边进武库修行学问和本事，如果我想去的话，他可以想办法带我一起。”,天下长宁,第十章该去的地方
“陆大哥还说，若能在东疆武库修行有成，一出门就能进东疆边军，最低也是什长，若能成绩优异，说不得出门就是个校尉呢。”,天下长宁,第十章该去的地方
阿爷问：“你想去吗？”,天下长宁,第十章该去的地方
叶无坷道：“想去。”,天下长宁,第十章该去的地方
阿爷道：“那就去。”,天下长宁,第十章该去的地方
叶无坷道：“所以我问陆大哥东疆武库招人是不是会有个考核，若有的话我就去。”,天下长宁,第十章该去的地方
阿爷听到这，抬起手在叶无坷的头顶轻轻拍了拍：“你总是不想欠下人情，不过你这样是对的，阿爷也觉得，人家能给你指一条路就是恩德，再让人家带着你走上一段就过分了。”,天下长宁,第十章该去的地方
叶无坷道：“也不都是我欠着人情的事，陆大哥他们帮我去说也是欠着别人的人情。”,天下长宁,第十章该去的地方
他拿了布给阿爷擦脚：“陆大哥一直都在说现在大宁和楚时候不一样了，可若靠人情带我进东疆武库那岂不是又和楚时候一样了？”,天下长宁,第十章该去的地方
少年就是少年，单纯在每一个志向里。,天下长宁,第十章该去的地方
阿爷笑道：“你还小，再大一些就明白人情和人情不一样。”,天下长宁,第十章该去的地方
叶无坷道：“以后若懂了再说，若不懂......就不懂。”,天下长宁,第十章该去的地方
阿爷道：“陆吾和你说这些的时候，那个高姑娘知道吗？”,天下长宁,第十章该去的地方
叶无坷摇头：“不知道。”,天下长宁,第十章该去的地方
阿爷想了想后说道：“那她应该是不希望你去的。”,天下长宁,第十章该去的地方
叶无坷立刻就想问阿爷你怎么知道，但还没问就已经反应过来，如果她觉得去东疆武库是个好选择，她应该会比陆吾还要早些跟他说。,天下长宁,第十章该去的地方
在大慈悲山上，她曾经说过除了长安之外的荣华富贵她都能想办法给，哪里都行，唯独长安不行。,天下长宁,第十章该去的地方
可是就在她准备回去的时候又说......长安其实挺好的。,天下长宁,第十章该去的地方
想到这叶无坷明白过来，高姑娘那不是一句简简单单的客套话，她只是想告诉他，也可去长安。,天下长宁,第十章该去的地方
叶无坷扶着阿爷坐到土炕上去：“高姑娘说长安很漂亮。”,天下长宁,第十章该去的地方
阿爷这次沉思了好久后才问他：“那你想去吗？”,天下长宁,第十章该去的地方
叶无坷回答的还是依然快：“想。”,天下长宁,第十章该去的地方
阿爷说：“那就去。”,天下长宁,第十章该去的地方
叶无坷摇头道：“长安很漂亮，我想自己去。”,天下长宁,第十章该去的地方
他把被褥给阿爷铺好：“陆大哥说东疆武库明年开春就招收学生了，只要清白出身的年轻人都可去报名。”,天下长宁,第十章该去的地方
阿爷又是沉思了好久后才说道：“可高姑娘的意思，是不想让你绕那么大一个圈子，你要拒绝的可是人家的好意。”,天下长宁,第十章该去的地方
叶无坷笑道：“是哪个从我小时候就一遍一遍告诉我，自己种的粮食吃着不嘴短，自己赚来的银子花着不手软？”,天下长宁,第十章该去的地方
阿爷叹道：“你这样的性子，大概不会讨人喜欢了。”,天下长宁,第十章该去的地方
他扶着阿爷躺好后说道：“讨人喜欢有很多种方式，最好的方式我还不知道是什么，但最不好的方式肯定是利用讨人喜欢去讨人喜欢。”,天下长宁,第十章该去的地方
说完这句话的时候叶无坷才意识到，原来自己早就给了自己一个答案。,天下长宁,第十章该去的地方
她......应该是真的有一言一行就改人命运的能力，但她其实很不喜欢那样做吧。,天下长宁,第十章该去的地方
他是要去长安的，一定要去，去那个叫做雁塔书院的地方去找她，走一走看一看，大大方方的。,天下长宁,第十章该去的地方
而不是出现在长安的时候，每个人都知道他是靠她来长安攀高枝走门路，所以看他的眼神怪异，看她的眼神也怪异。,天下长宁,第十章该去的地方
少年就是少年，单纯在每一个志向里。,天下长宁,第十一章咱爹不借
清晨的太阳像是轻轻拨开珠帘走出闺房的温情少女一样，拨开薄薄的云雾把柔和的目光看向人间。,天下长宁,第十一章咱爹不借
准备登上马车的少女看叶无坷的眼神也这样柔和，是这广寒天地间独属于她的那份暖意。,天下长宁,第十一章咱爹不借
“谢谢款待，饺子很好......你也还行。”,天下长宁,第十一章咱爹不借
她说。,天下长宁,第十一章咱爹不借
叶无坷嘿嘿笑：“很好？那要不把剩下的带着？”,天下长宁,第十一章咱爹不借
器叔心说乡间的少年终究是和城里的人不一样，城里哪有主人家会让客人走之前带上剩下的饺子？,天下长宁,第十一章咱爹不借
若是长安城里那么多仰慕郡主的少年敢说出这样的话，怕是用不了多久就能让整个长安城的人笑掉大牙。,天下长宁,第十一章咱爹不借
叶无坷说：“我看你车上有炉火，半路饿了烤一烤，喷香。”,天下长宁,第十一章咱爹不借
高清澄笑问：“有多香？”,天下长宁,第十一章咱爹不借
少年尚未回答，她又笑问：“香死个屁的了？”,天下长宁,第十一章咱爹不借
器叔听到这句话就知道完蛋个屁的了，这少年在郡主心中终究是开始变得与众不同。,天下长宁,第十一章咱爹不借
叶无坷道：“学会了这样说话，回长安指不定挨多少骂。”,天下长宁,第十一章咱爹不借
她昨夜说过，她家里有个严苛的人。,天下长宁,第十一章咱爹不借
高清澄上车坐好，接过叶无坷递给她的布包，干干净净的白布，包着昨夜里剩下的饺子。,天下长宁,第十一章咱爹不借
“长安城里也有好吃的酸汤水饺，不过我们吃面更多些，你若到了，我给你做一碗油泼。”,天下长宁,第十一章咱爹不借
上车饺子下车面这话是叶无坷昨天说的，今天她上车，他日若叶无坷到了长安，便是下车。,天下长宁,第十一章咱爹不借
器叔惊讶于高清澄今日这心意表达的其实已经一点都不含蓄，哪怕只是交个朋友，这表达也不该是郡主该有的，所以，这很不对劲。,天下长宁,第十一章咱爹不借
他诧异的时候却听叶无坷问道：“油泼......是一碗油吗？”,天下长宁,第十一章咱爹不借
高清澄笑眯眯的看着他反问：“好大一碗油，那你吃不吃？”,天下长宁,第十一章咱爹不借
叶无坷想着一碗油怎么能吃的下去，仔细斟酌后他还是点头道：“吃。”,天下长宁,第十一章咱爹不借
高清澄微笑中眼神灿烂，朝着少年挥手告别。,天下长宁,第十一章咱爹不借
器叔都懂了这满怀喜悦的少女心思，那家伙不知道什么是油泼面，所以才会仔细斟酌那一碗油他能不能喝得下，最终的答案就是他的信任。,天下长宁,第十一章咱爹不借
马鞭啪的一声挥响，拉车的马儿打着响鼻发力向前。,天下长宁,第十一章咱爹不借
少年挥手的时候知道此去一别相隔就是千重山万重水，但是那个叫长安的地方自此多了一个人的想念。,天下长宁,第十一章咱爹不借
还是村口，还是那座泥塑旁边，还是二奎蹲在那手里拿着个冻萝卜咯嘣咯嘣啃着。,天下长宁,第十一章咱爹不借
他见叶无坷朝着马车挥手，于是他也挥手，只是看起来，心情有些许沉重。,天下长宁,第十一章咱爹不借
二奎很少有这样的沉重，上一次看起来沉重还是因为他便秘好几天没解下来大手。,天下长宁,第十一章咱爹不借
大奎走到他身边的时候，二奎重重的吐出一口气，像是很烦恼，比上一次还要烦恼。,天下长宁,第十一章咱爹不借
“她才是咱们妹妹。”,天下长宁,第十一章咱爹不借
二奎说。,天下长宁,第十一章咱爹不借
大奎一惊：“爹说的？”,天下长宁,第十一章咱爹不借
二奎摇头道：“我觉得。”,天下长宁,第十一章咱爹不借
大奎松了口气：“我就说，她长得可不像爹。”,天下长宁,第十一章咱爹不借
说到这他又一惊：“莫非是娘在外边生的？”,天下长宁,第十一章咱爹不借
二奎瞪了他大哥一眼：“娘生的她寄几个不知道？我是说，你看咱妹夫看那小姑娘的眼神儿都他娘的拉丝儿了......她要是咱妹，这妹夫就能保住了。”,天下长宁,第十一章咱爹不借
大奎道：“咱妹比她差哪儿了？”,天下长宁,第十一章咱爹不借
二奎看着他。,天下长宁,第十一章咱爹不借
大奎叹了口气，蹲下来，伸手把二奎手里的冻萝卜抢过来啃了一口，咬的咯嘣咯嘣响。,天下长宁,第十一章咱爹不借
“咱妹是咱妹，妹夫是妹夫，这不早就说好的么！”,天下长宁,第十一章咱爹不借
想了想半天也想不出咱妹哪里比那高姑娘好些的大奎起身，他心说幸好老子聪明早就说过妹和妹夫单论。,天下长宁,第十一章咱爹不借
二奎想了想，突然眼神亮了：“大锅你聪明啊，我都忘了咱是先认的妹夫，将来谁嫁给妹夫，那不都是咱妹？”,天下长宁,第十一章咱爹不借
大奎笑：“那是，有几个比我聪明的。”,天下长宁,第十一章咱爹不借
俩人正说着这些的时候，见陆吾带着那些骑士走过来，俩人起身，礼貌的朝着陆吾他们笑了笑。,天下长宁,第十一章咱爹不借
陆吾一看到这俩憨货笑，就会想起这俩憨货在渤海一叉一个辽律人大开杀戒的样子。,天下长宁,第十一章咱爹不借
大奎和二奎傻是傻了些，可这身体条件放在军队里那就是冲锋陷阵的勇将。,天下长宁,第十一章咱爹不借
这样的两个人，只要是个领兵的将军见到了就必定会双眼放光。,天下长宁,第十一章咱爹不借
“我们也要告辞了。”,天下长宁,第十一章咱爹不借
陆吾说：“不过我们商量了一下，想请你们兄弟两个和叶无坷带路去澄潭关。”,天下长宁,第十一章咱爹不借
他是有私心的。,天下长宁,第十一章咱爹不借
澄潭关边军将军武栋是他父亲当初的亲兵队正，他小时候武栋经常带着他玩，那时候父亲陪伴他的日子，都不如武将军陪伴他的日子多。,天下长宁,第十一章咱爹不借
这次要去青州洞泽山虽然不算路过澄潭关，可距离这么近怎么能不去看看。,天下长宁,第十一章咱爹不借
大奎二奎勇武异常，虽然去东疆武库稍显难了些，可若能留在武栋将军麾下，说不得经过两三场战事就能一飞冲天。,天下长宁,第十一章咱爹不借
叶无坷在渤海能指挥十余村百姓吓退辽律骑兵，不说还杀了一位辽律将军，只说敢用这疑兵之计的胆魄便是世间少有。,天下长宁,第十一章咱爹不借
陆吾实在是喜欢叶无坷，他也实在是不希望叶无坷这样的人被埋没。,天下长宁,第十一章咱爹不借
二奎听说又能出村去明显兴奋起来，朝着叶无坷挥舞着手臂跑了过去。,天下长宁,第十一章咱爹不借
大奎则摇头道：“我娘说不能骗人，我们不认识去澄潭关的路，只听过，没去过。”,天下长宁,第十一章咱爹不借
陆吾笑道：“哪里需要你们认识，只是想路上多几个人作伴儿。”,天下长宁,第十一章咱爹不借
正说着，二奎把叶无坷喊了过来。,天下长宁,第十一章咱爹不借
陆吾看向身边兄弟们对叶无坷说道：“这些兄长你都认识，他们要赶去青州，去澄潭关算我私事，所以我想请你和大奎二奎陪我一趟。”,天下长宁,第十一章咱爹不借
叶无坷答应的很干脆：“那我们三个陪陆大哥去一趟。”,天下长宁,第十一章咱爹不借
陆吾身边的兄弟徐柯笑道：“其实去青州也不用太急，我也陪着老陆去一趟。”,天下长宁,第十一章咱爹不借
另一个叫谢长逊的年轻人貌似随意的说道：“我倒不是想陪老陆，澄潭关是大宁东北第一边关，早就有所耳闻，我是真想去看看。”,天下长宁,第十一章咱爹不借
十二人中与陆吾一样年纪，只是生日小了半个月的聂孟山性格沉稳，他想了想后说道：“那我带着其他兄弟先去青州给你们打个前站，你们去澄潭关不要耽搁太久。”,天下长宁,第十一章咱爹不借
众人商议得当后，聂孟山带着多数人启程赶往青州，此去还有千里之遥，他们也没多耽搁随即启程。,天下长宁,第十一章咱爹不借
去澄潭关其实倒也不算远，陆吾他们三个把战马给了聂孟山等人用以赶路换乘，收拾好了东西，就与叶无坷步行出发。,天下长宁,第十一章咱爹不借
陆吾与武栋将军关系非同寻常，到了澄潭关再借几匹马去青州自然也不是什么难事。,天下长宁,第十一章咱爹不借
六个人踩着厚厚积雪跋涉前行，走到几十里外的镇子上天就又黑了下来。,天下长宁,第十一章咱爹不借
到镇子口的时候叶无坷对陆吾说道：“陆大哥你们先去驿站住下，我去一趟镇子上的药铺。”,天下长宁,第十一章咱爹不借
陆吾立刻问道：“可是哪里不舒服？又或是家里谁让你带药回去？军中医官应是比这镇子上的郎中要好些，到了澄潭关我可以帮你请军中医官看看。”,天下长宁,第十一章咱爹不借
叶无坷还没说话，大奎替他说了：“镇子上的郎中赵先生给二傻娘看过病，二傻每年都要到镇子上来看他，噢，二傻阿爷的腿也是赵先生保住的。”,天下长宁,第十一章咱爹不借
说到这他稍微停顿了一下，然后看向二奎道：“赵先生救过咱娘的命，咱们也该去看看。”,天下长宁,第十一章咱爹不借
陆吾点了点头道：“那好，你们去你们的，忙完了到驿站来找我们就是了，我们安顿好就去买两壶酒，晚上咱们喝两杯。”,天下长宁,第十一章咱爹不借
叶无坷应了，带上大奎二奎往药铺那边过去，街上的雪都被踩的又硬又滑，另一边陆吾他们走的摇摇晃晃，他们三人却能如履平地。,天下长宁,第十一章咱爹不借
这镇子是通往澄潭关的必经之路，也正好是赶路的歇脚之地，在这住一晚，第二天赶路一天能到澄潭关。,天下长宁,第十一章咱爹不借
药铺在镇子正街的最东头，叶无坷每年最少也要来两次，路很熟，走在最前。,天下长宁,第十一章咱爹不借
郎中赵先生是这镇子上为数不多的读书人，为人极好，家里穷苦的，他都会免去药钱。,天下长宁,第十一章咱爹不借
这般凄寒苦楚的地方懂得医术的又只赵先生一人，可想而知他在附近这一带有多受人尊敬。,天下长宁,第十一章咱爹不借
赵先生也喜欢叶无坷，这些年来若是出诊路过无事村，都会特意去叶无坷家里一趟，教叶无坷一些用的上的医术。,天下长宁,第十一章咱爹不借
每次都会在叶无坷家里吃饭，和叶无坷阿爷喝上那么二两。,天下长宁,第十一章咱爹不借
快到地方的时候，叶无坷把他带来的冻肉和之前猎到的山鸡分给大奎二奎，这是叶无坷特意多带的。,天下长宁,第十一章咱爹不借
“我记得赵先生家里有个姑娘，长的可漂亮了。”,天下长宁,第十一章咱爹不借
二奎一边走一边说：“那会儿娘还说想去做个媒人，把妹夫和赵先生家姑娘撮合撮合。”,天下长宁,第十一章咱爹不借
大奎傻笑道：“二奎还说，为什么娘不把他和赵家姑娘撮合撮合，娘说滚你娘的蛋，你自己也不瞧瞧你自己什么德行。”,天下长宁,第十一章咱爹不借
二奎脸一红：“娘那是假骂，不是真的。”,天下长宁,第十一章咱爹不借
大奎：“那能是假骂？你说你怎么听出来是假骂的？”,天下长宁,第十一章咱爹不借
二奎道：“娘是女的，她说滚你娘的的蛋，她又没有，当然是假骂。”,天下长宁,第十一章咱爹不借
大奎道：“那下次让娘骂你滚你爹的蛋，爹有，那就是真骂你了。”,天下长宁,第十一章咱爹不借
二奎道：“娘没骂滚你爹的蛋，你还不知道为什么？”,天下长宁,第十一章咱爹不借
大奎问：“为什么？”,天下长宁,第十一章咱爹不借
二奎：“爹肯定是不借。”,天下长宁,第十一章咱爹不借
叶无坷一边走一边笑，大奎娘对他真的比对大奎二奎还要好，不仅仅是因为叶无坷曾经救过她的命，还因为叶无坷这孩子真的懂事。,天下长宁,第十一章咱爹不借
有人说懂事的孩子受的委屈也多，在咱村里那不可能，大奎娘就说过，懂事的孩子要是受委屈，那大人都他妈是不懂事的王八犊子。,天下长宁,第十一章咱爹不借
当然，还有些事除了无事村的人谁也不能告诉。,天下长宁,第十一章咱爹不借
三个人一路说笑着到了正街东边，临街就是赵先生家的药铺，转过去就是赵先生家，应该是因为天已经黑了，药铺关了门。,天下长宁,第十一章咱爹不借
叶无坷他们拎着东西转进巷子，才转过来，三个人脚步同时停住，表情也像同时都被冻僵了一样。,天下长宁,第十一章咱爹不借
赵先生的家，一片废墟。,天下长宁,第十一章咱爹不借
显然是被大火烧过，只剩下飞雪还没掩盖住的焦黑土墙。,天下长宁,第十一章咱爹不借
叶无坷下意识走到烧毁的院子里仔细看，依然还能闻到烧灰的气味。,天下长宁,第十一章咱爹不借
他转身回望，前排只隔着不到半丈宽的临街药铺完好无损。,天下长宁,第十一章咱爹不借
他转身回望，前排只隔着不到半丈宽的临街药铺完好无损。,天下长宁,第十二章正式介绍一下
在转过巷子口的时候先生两个字已经到叶无坷嘴边，这残垣断壁满目焦黑把先生两个字硬生生给堵了回去。,天下长宁,第十二章正式介绍一下
“这是怎么了！”,天下长宁,第十二章正式介绍一下
二奎看着废墟咧开嘴。,天下长宁,第十二章正式介绍一下
“你们在这等我，我去找人问问。”,天下长宁,第十二章正式介绍一下
叶无坷转身离开，说话的时候嗓音有些颤，袖口里缩着的手也在发颤。,天下长宁,第十二章正式介绍一下
半刻之后，叶无坷扶着一位老者回到赵先生家门外。,天下长宁,第十二章正式介绍一下
“一把火都没了，老天没眼，没眼！”,天下长宁,第十二章正式介绍一下
老者颤巍巍的，说话的时候嗓音里还带着恨，复杂的恨，恨天恨地恨人恨不公，都在这老天没眼四个字里了。,天下长宁,第十二章正式介绍一下
“肯定是刘隶让人干的。”,天下长宁,第十二章正式介绍一下
老人说出这个名字的时候，恨意也到了极致。,天下长宁,第十二章正式介绍一下
叶无坷听说过刘隶是谁，原本是这镇子上的乡丞小吏，楚时候的旧官，是个不入品的边角料。,天下长宁,第十二章正式介绍一下
大宁立国之后，如双山镇这样的地方其实还顾及不到，这里闭塞而又穷苦，连县衙那边用的人还多是楚时候的旧人，刘隶也得以留用。,天下长宁,第十二章正式介绍一下
这个刘隶在双山镇无恶不作，没有哪家的姑娘能逃过他和他手下那群人的毒手，其他百姓哪怕是背地里骂过他的，被他知道了也会当众活活打死。,天下长宁,第十二章正式介绍一下
大概两年之后，大宁选派的新官到任开始清查旧弊，刘隶作恶多端自知难以活命，索性纠集了当初的一群手下跑进山里做了匪寇。,天下长宁,第十二章正式介绍一下
新来镇上的乡丞李在研得知刘隶恶贯满盈之后，组织乡勇追捕，身先士卒，杀山贼数人，不幸落入贼人之手，被贼人开膛破肚，趁夜将尸体丢弃回镇子上。,天下长宁,第十二章正式介绍一下
刘隶让人在镇里传话，不管是谁来双山镇做官，再敢有人追查他的，都是如此下场。,天下长宁,第十二章正式介绍一下
第二任乡丞苗新秀到了之后便听人说了这些话，百姓们都觉得新来的乡丞不会再去追捕刘隶，可这位年轻的乡丞第一句话就是......大家愿意帮我的就跟我一起去，没人愿意跟我也要去，我敢孤身前来，就敢孤身进山。,天下长宁,第十二章正式介绍一下
第二天一早，这位乡丞竟然真的收拾好一身装备便一人扎进深山老林。,天下长宁,第十二章正式介绍一下
鸭山比大慈悲山要危险的多，别说去擒凶，就算是孤身进深山走一圈，多半也是回不来。,天下长宁,第十二章正式介绍一下
乡亲们商量之后，选了数十名青壮结伴进山去寻苗新秀，走了三天，在深林里总算找到了他，已是奄奄一息。,天下长宁,第十二章正式介绍一下
在苗新秀身边有六七具贼人尸体，他身中数刀无力继续追赶，靠坐在树边，一把横刀还在他手中死死握着。,天下长宁,第十二章正式介绍一下
乡亲们把苗新秀带回镇子上，是赵先生救回他一条命。,天下长宁,第十二章正式介绍一下
有人问苗新秀为何如此大的胆子，一个人就真敢进山抓贼，苗新秀回答说......我是宁军战兵出身，上一任乡丞李在研也是，我们当初从军是因为听陛下说，宁军，就是为了天下百姓而建的。,天下长宁,第十二章正式介绍一下
有贼不抓，有恶不除，这样当兵做官，我们丢不起陛下的人。,天下长宁,第十二章正式介绍一下
后来双山镇的百姓才知道，苗新秀原本是被分派到县衙做捕头，当时旧楚时候的捕快因为受不得辛苦拿不到好处纷纷离开，县衙里只有苗新秀和李在研两人撑着。,天下长宁,第十二章正式介绍一下
没多久李在研被调到双山镇做乡丞，又没多久就死在了双山镇。,天下长宁,第十二章正式介绍一下
捕头苗新秀就自己请命到双山镇来，捕头都不做了。,天下长宁,第十二章正式介绍一下
可是之后好多年都没能抓到刘隶，这里山连着山想找人出来难如登天。,天下长宁,第十二章正式介绍一下
老人嗓音发颤的继续说道：“前几日来了几个外人找赵先生出诊，走到半路才说是要进山，赵先生觉得有些不对劲，半路想办法脱身回家来了，只隔了一天的夜里，赵先生一家......”,天下长宁,第十二章正式介绍一下
说到这，老人家掩面而泣。,天下长宁,第十二章正式介绍一下
叶无坷问：“一个都......”,天下长宁,第十二章正式介绍一下
老人点头，竟是哭的说不出话来。,天下长宁,第十二章正式介绍一下
“是谁在那儿！”,天下长宁,第十二章正式介绍一下
就在这时候，有人在远处喊了一声。,天下长宁,第十二章正式介绍一下
叶无坷回头看，见一人提着灯笼大步过来，至近前才看出来，是个大概四十几岁留着络腮胡的汉子。,天下长宁,第十二章正式介绍一下
老人家连忙擦了擦眼泪后说道：“是无事村来的后生，本是想看望赵先生的......”,天下长宁,第十二章正式介绍一下
那汉子仔细打量了一下叶无坷，又多看了大奎二奎两眼。,天下长宁,第十二章正式介绍一下
“无事村的人很少出村来。”,天下长宁,第十二章正式介绍一下
汉子问叶无坷：“你为什么突然来？家里有人病了？”,天下长宁,第十二章正式介绍一下
叶无坷摇头：“路过，顺便来看看先生。”,天下长宁,第十二章正式介绍一下
粗犷汉子却心细如丝，这少年提起郎中说的不是赵先生而是先生，去了姓氏的叫法，显然更亲近。,天下长宁,第十二章正式介绍一下
“你是无事村那个姓叶的小子？”,天下长宁,第十二章正式介绍一下
粗犷汉子问这句话的时候声音柔和下来，同时把灯笼举高了些仔细看叶无坷的脸。,天下长宁,第十二章正式介绍一下
叶无坷道：“是我。”,天下长宁,第十二章正式介绍一下
粗犷汉子长长的吐出一口气，沉默片刻后说道：“仔细些还是能认出你，你每年都要来两次，赵先生和我也提过，说你是难得的好苗子......以后也年年来吧，日子是三天前。”,天下长宁,第十二章正式介绍一下
说完他转身要走。,天下长宁,第十二章正式介绍一下
叶无坷跨一步：“我想进山。”,天下长宁,第十二章正式介绍一下
粗犷汉子道：“不是你的事。”,天下长宁,第十二章正式介绍一下
他绕过叶无坷还是要走，叶无坷第一次显得有些失礼的再次拦住对方。,天下长宁,第十二章正式介绍一下
“请您帮我一个忙。”,天下长宁,第十二章正式介绍一下
叶无坷无比郑重的说出这句话。,天下长宁,第十二章正式介绍一下
粗犷汉子犹豫片刻后问道：“什么忙？”,天下长宁,第十二章正式介绍一下
叶无坷回答：“指个方向。”,天下长宁,第十二章正式介绍一下
粗犷汉子看向叶无坷的眼神里显然是有些吃惊，片刻之后眼神里又出现了些欣慰和赞赏。,天下长宁,第十二章正式介绍一下
但他还是摇头道：“不是你的事。”,天下长宁,第十二章正式介绍一下
迈步欲走的那一刻，大奎二奎同时跨步拦在他面前。,天下长宁,第十二章正式介绍一下
大奎瓮声瓮气的说道：“他说，请您指个方向！”,天下长宁,第十二章正式介绍一下
粗犷汉子微微皱眉道：“你们是想和我动手？”,天下长宁,第十二章正式介绍一下
叶无坷抱拳道：“您是苗大人吧，我也听先生提及过您很多次，他说您本可以在县衙做官，可以一路升迁，可您留在双山镇做乡丞快二十年了......”,天下长宁,第十二章正式介绍一下
粗犷汉子打断叶无坷道：“老赵想和谁说这些我管不着，但谁和我说这些我管的着，现在，让路。”,天下长宁,第十二章正式介绍一下
叶无坷道：“苗大人是为同袍，我是为先生。”,天下长宁,第十二章正式介绍一下
他俯身一拜：“请大人指个方向。”,天下长宁,第十二章正式介绍一下
大奎和二奎学着叶无坷的样子，也抱拳俯身行礼，笨拙，真诚。,天下长宁,第十二章正式介绍一下
就在这时候，驿丞领着陆吾他们三个快步过来，离着还远，陆吾就已经开口喊：“叶无坷是不是你？”,天下长宁,第十二章正式介绍一下
到近前，陆吾又急切道：“驿丞把那位赵先生的事和我们说了，你没事吧？”,天下长宁,第十二章正式介绍一下
叶无坷道：“我得进山，不能陪陆大哥去澄潭关了。”,天下长宁,第十二章正式介绍一下
陆吾道：“说的什么屁话，你要进山，我还去什么澄潭关，当然是跟你一起进山。”,天下长宁,第十二章正式介绍一下
徐柯道：“出了这样的事，我们又怎么可能不管？二十几年前陛下就说过，有贼不抓有恶不除，那当什么兵做什么官！”,天下长宁,第十二章正式介绍一下
谢长逊道：“不灭了这伙贼再去澄潭关，这就是心里一辈子也过不去的坎儿。”,天下长宁,第十二章正式介绍一下
粗犷汉子在听到徐柯说出那句有贼不抓有恶不除那当什么兵的时候，忍不住侧目多看了两眼。,天下长宁,第十二章正式介绍一下
认出陆吾身上穿的是战兵校尉军服，后撤一步后肃立行礼：“见过校尉！”,天下长宁,第十二章正式介绍一下
陆吾看向这汉子，上下打量，见他应有四十几岁年纪，于是问道：“老兵？”,天下长宁,第十二章正式介绍一下
粗犷汉子身子拔的笔直回答道：“双山镇乡丞苗新秀，从冀州开始跟着陛下的兵。”,天下长宁,第十二章正式介绍一下
陆吾三人明显一震，不约而同的站直了身子。,天下长宁,第十二章正式介绍一下
“老团率！”,天下长宁,第十二章正式介绍一下
三人整齐的行了军礼。,天下长宁,第十二章正式介绍一下
叶无坷此时还并不明白，这一声老团率是什么意思。,天下长宁,第十二章正式介绍一下
“脱军服二十年了。”,天下长宁,第十二章正式介绍一下
苗新秀沉默了一会儿后自嘲的笑了笑，笑容之中还有让人心里生出些痛感来的苦涩。,天下长宁,第十二章正式介绍一下
他说：“我也不配让你们叫一声老团率。”,天下长宁,第十二章正式介绍一下
他绕开几人缓步往前走，灯笼照在地上的光有些颤。,天下长宁,第十二章正式介绍一下
陆吾转身喊道：“给我们这些新兵蛋子，打个样！”,天下长宁,第十二章正式介绍一下
苗新秀脚步骤然停住。,天下长宁,第十二章正式介绍一下
陆吾喊道：“大宁的兵没变，立国之前的战兵要干什么，现在的战兵还是一样，刚才徐柯说过一遍了，我再向老团率说一遍......大宁的兵见贼不抓有恶不除，那就不配当兵！”,天下长宁,第十二章正式介绍一下
苗新秀肩膀发颤着转身，他看向这些年轻人，似乎看到了当年那个冲锋陷阵的自己，看到了当年那个雪夜孤身杀贼的自己。,天下长宁,第十二章正式介绍一下
他咬紧牙，肃立，行军礼。,天下长宁,第十二章正式介绍一下
然后喊：“那就跟我进山杀贼！”,天下长宁,第十二章正式介绍一下
陆吾三人整齐的将右臂抬起来敲打胸甲，砰，砰砰！,天下长宁,第十二章正式介绍一下
“呼！”,天下长宁,第十二章正式介绍一下
叶无坷看着他们，只觉得心胸之中燃起来一团火，毫无征兆的出现，越烧越烈。,天下长宁,第十二章正式介绍一下
呼！,天下长宁,第十二章正式介绍一下
这一个字，让他觉得血一个劲儿的往头上涌。,天下长宁,第十二章正式介绍一下
这个声音像是打开了他身体里的一道闸门，将他骨血之中的某种力量第一次释放了出来。,天下长宁,第十二章正式介绍一下
这种感觉，哪怕是在渤海国接应陆吾他们回来的时候都没有出现过。,天下长宁,第十二章正式介绍一下
那个时候的叶无坷感觉到了兴奋，激动，也有紧张，甚至还有些害怕。,天下长宁,第十二章正式介绍一下
唯独没有如这一刻从身体深处向外溢出来的血液沸腾，所以叶无坷有些失神。,天下长宁,第十二章正式介绍一下
如果大宁的兵见贼不抓有恶不除，那就不配当兵。,天下长宁,第十二章正式介绍一下
这句话，在他心里一遍一遍的出现。,天下长宁,第十二章正式介绍一下
“我近二十年来，前后一百六十次进山。”,天下长宁,第十二章正式介绍一下
规模很小且简陋的镇衙里，举着油灯的苗新秀照亮了他铺在土炕上的一张张手绘地图。,天下长宁,第十二章正式介绍一下
“刘隶那群人有可能藏身的地方，我已经能把范围缩小到这三个地方。”,天下长宁,第十二章正式介绍一下
说到这些的时候，苗新秀嗓音稍稍有些沙哑。,天下长宁,第十二章正式介绍一下
“最开始我心急，到澄潭关请求出兵剿匪，边关多次派兵，可进了山却总是无功而返，前后还折损了十几个战兵兄弟，再后来我才想明白，这其实是我的失职。”,天下长宁,第十二章正式介绍一下
苗新秀道：“鸭山过于险恶，这三个地方都是易守难攻，就算只有几十人守着，便是几千人的队伍也上不去，有些地方就算只一个人守着，大队人马也一点办法都没有。”,天下长宁,第十二章正式介绍一下
他一边说一边在地图上把位置标出来，很用力。,天下长宁,第十二章正式介绍一下
“我本来想着，等我找出刘隶藏身的地方，我就自己进山最后一次，那本来就是我该干的事......”,天下长宁,第十二章正式介绍一下
苗新秀说到这停下来，神情有些恍惚，或许是想到了那个被贼人所杀的同袍李在研，或许是想到了前几日还偷偷跑到他这里来讨酒喝的赵先生。,天下长宁,第十二章正式介绍一下
陆吾道：“老团率，最后一次进山你不可能是一个人，就算这次不是我们来，也会有其他战兵兄弟来。”,天下长宁,第十二章正式介绍一下
苗新秀道：“你们其实根本想象不出鸭山有多险，当年几次进山，十几个战兵兄弟都是失足摔下去了，尸首都没能带回来。”,天下长宁,第十二章正式介绍一下
陆吾点了点头后说道：“老团率说险，那肯定是真的险，我爹说，知道要打危险的仗就把最后一个准备也做了......让活下来的人把信儿送回各自的家。”,天下长宁,第十二章正式介绍一下
他看向叶无坷：“正式介绍一下，我叫陆吾，四品云麾将军，晋城候陆昭南的儿子。”,天下长宁,第十二章正式介绍一下
徐柯起身：“我叫徐柯，四品云麾将军，永新候徐正的儿子。”,天下长宁,第十二章正式介绍一下
谢长逊起身：“在下谢长逊，军屏道道府谢焕然的儿子，家父也有封爵，方城候。”,天下长宁,第十二章正式介绍一下
这一刻，不只是叶无坷脸色变了，苗新秀的脸色也变了，只有大奎和二奎还是老样子，因为根本听不懂。,天下长宁,第十二章正式介绍一下
陆吾坦然笑道：“活着的，给家里带个信儿。”,天下长宁,第十二章正式介绍一下
陆吾坦然笑道：“活着的，给家里带个信儿。”,天下长宁,第十三章错的就是错的
叶无坷的眼神里有不可压制的震惊，因为他从没想过不久之前深入渤海险地的这些年轻汉子全都出身显赫。,天下长宁,第十三章错的就是错的
他也更没有想过，出身显赫的人也会在双山镇这样的小地方坦然的留下遗言。,天下长宁,第十三章错的就是错的
陆吾觉得叶无坷眼神里有些震惊是正常的，但身为一名老兵的苗新秀眼神里也有这样的震惊不应该。,天下长宁,第十三章错的就是错的
“陛下说，不管是什么出身的人，只要穿上大宁战兵的战服，就该为大宁百姓而活也该为大宁百姓赴死。”,天下长宁,第十三章错的就是错的
苗新秀知道这句话是在提醒他，所以他脸色肃然。,天下长宁,第十三章错的就是错的
陆吾看向叶无坷的时候眼神平静且柔和，他说：“如果有一天你也穿上大宁的战服，记得永远不要忘了这句话，而且，也永远不要怀疑陛下只是说说而已。”,天下长宁,第十三章错的就是错的
他说：“跟你说一件事吧......去年开春的时候，西域白支国的贼兵劫掠了咱们边疆上的几个村落，把所有百姓都杀了，人头割下来挂满了村外的胡杨树。”,天下长宁,第十三章错的就是错的
“西疆边军奉旨出征，历时三月灭白支国，第一个冲上白支国都城城墙，斩断白支国旗，身中四箭血战不退，亲手抓了白支国王回来，按着白支国王的脑袋，跪在咱们百姓坟前一下一下磕头的是个才十六岁的少年......”,天下长宁,第十三章错的就是错的
说到这，陆吾看向叶无坷：“他叫李持念，是太子殿下。”,天下长宁,第十三章错的就是错的
叶无坷呼吸微微一乱。,天下长宁,第十三章错的就是错的
二奎却忍不住问道：“什么意思？”,天下长宁,第十三章错的就是错的
大奎抬起手在他脑壳上给了一下：“这你都听不懂？”,天下长宁,第十三章错的就是错的
二奎不服气道：“大锅你听懂了，你说是什么意思。”,天下长宁,第十三章错的就是错的
大奎道：“就好比假装咱爹是村长，我是老大，我就是村太子，咱村的人被外村人欺负了，我第一个就冲上去干他们！”,天下长宁,第十三章错的就是错的
二奎挠了挠头发说道：“那不是应该的吗？”,天下长宁,第十三章错的就是错的
苗新秀脸色微变，下意识看向陆吾三人。,天下长宁,第十三章错的就是错的
陆吾却坦荡笑道：“就是这个意思，白支国那一仗打完之后，朝廷里有人给太子殿下请功，陛下说，他是大宁太子，干的是他该干的事，请什么功？”,天下长宁,第十三章错的就是错的
叶无坷若有所思。,天下长宁,第十三章错的就是错的
陆吾继续说道：“陛下在大朝会上说，大宁皇帝的儿子为百姓出头冲锋在前不该被表功，若是寻常人家的儿子为百姓出头冲锋在前才应该表功，大宁的太子为受了屈辱的家人打一架，打输了朕得罚，打赢了正常，最多，朕陪着他一起吃顿好的。”,天下长宁,第十三章错的就是错的
叶无坷记住了这些话，忽然间就想起高清澄离开前说，长安其实很好，现在叶无坷脑海里还不知道长安到底是什么样子，但他好像一下子就明白了长安很好是哪里好。,天下长宁,第十三章错的就是错的
二奎问：“大朝会是什么意思？”,天下长宁,第十三章错的就是错的
大奎抬起手又给了他一下：“就差不多是咱村全都聚一块商量事。”,天下长宁,第十三章错的就是错的
陆吾笑着解释道：“应该说是村里所有能扛事的人，聚在一起商量怎么扛事。”,天下长宁,第十三章错的就是错的
二奎领悟了，他点了点头：“那应该有咱。”,天下长宁,第十三章错的就是错的
大奎道：“废话，那肯定有咱。”,天下长宁,第十三章错的就是错的
二奎说：“咱村里红白事端托盘上菜的，哪次少了我？”,天下长宁,第十三章错的就是错的
大奎道：“烧火的哪次不是我？”,天下长宁,第十三章错的就是错的
俩人在那争论倒是烧火的出力大些还是端菜出力大些，争论的脸红脖子粗。,天下长宁,第十三章错的就是错的
陆吾则看向苗新秀道：“这里我军职最高，上山的事我来下个决定。”,天下长宁,第十三章错的就是错的
苗新秀他们几个随即肃立。,天下长宁,第十三章错的就是错的
陆吾道：“这次进山剿匪由苗新秀指挥，其他人务必服从。”,天下长宁,第十三章错的就是错的
苗新秀刚要说话，陆吾道：“老团率，没人比你更合适。”,天下长宁,第十三章错的就是错的
苗新秀再次肃立：“领命！”,天下长宁,第十三章错的就是错的
叶无坷一直都没有说话，他只是静静的看着，然后深深的记住，告诉自己大宁的这身军服没那么容易穿。,天下长宁,第十三章错的就是错的
陆吾见叶无坷好像在发呆，他拍了拍叶无坷肩膀轻声道：“不管你有多想报仇，请你务必走在我们身后。”,天下长宁,第十三章错的就是错的
叶无坷嗯了一声，然后推测道：“刘隶可能不行了，所以山里的贼才会冒险下来想骗先生进山为刘隶诊治。”,天下长宁,第十三章错的就是错的
陆吾问：“你说他们冒险的意思是，这次他们下来就可能暴露藏身处，这两日没下雪，咱们顺着痕迹上去，也许没有那么难？”,天下长宁,第十三章错的就是错的
叶无坷摇头：“不是这个意思。”,天下长宁,第十三章错的就是错的
陆吾：“那是？”,天下长宁,第十三章错的就是错的
叶无坷道：“我的意思是咱们得快些......在他活着的时候杀他。”,天下长宁,第十三章错的就是错的
陆吾表情一变，苗新秀眼神一凛。,天下长宁,第十三章错的就是错的
鸭山的险确实让来自长安的三个汉子大开眼界，也让从大慈悲山来的三个汉子心生敬畏。,天下长宁,第十三章错的就是错的
虽然只隔着几十里，可叶无坷和大奎二奎从来都没有进过鸭山，大慈悲山的险是你一个不小心就可能殒命当场，而鸭山的险则是你提着十二分小心也可能一命呜呼。,天下长宁,第十三章错的就是错的
装备了钉鞋和铁钩的苗新秀在前开路，先上去找地方固定绳索，再把叶无坷他们一个一个拉上去，如此反复，所以第一天进山也没走十五里。,天下长宁,第十三章错的就是错的
一路上他都很少说话，看得出来是憋着一口气。,天下长宁,第十三章错的就是错的
休息的时候二奎嘀嘀咕咕的说：“那些坏人干鸡毛要躲到这种地方来。”,天下长宁,第十三章错的就是错的
一路沉默寡言的苗新秀自言自语似的回答：“因为他们进山是可能死，留在山下是一定死。”,天下长宁,第十三章错的就是错的
二奎听完这句话忽然咧开嘴笑起来，莫名其妙的，笑的可开心了，就像是听到个最好的笑话。,天下长宁,第十三章错的就是错的
大奎抬起手给了他一下：“你乐个屁？”,天下长宁,第十三章错的就是错的
二奎揉着脑壳说：“哈哈哈哈，坏人也没想到，躲在这跑不了啊。”,天下长宁,第十三章错的就是错的
听到这句话叶无坷眉角扬了一下，他看向苗新秀说道：“快二十年了，当初进山的那群贼年纪都不小了。”,天下长宁,第十三章错的就是错的
苗新秀道：“除了刘隶的儿子刘敢为和侄子刘敢做之外年纪都应该不小了，刘隶上山的时候就有四十岁左右，其他人少说也有三十几岁。”,天下长宁,第十三章错的就是错的
他问叶无坷：“怎么了？”,天下长宁,第十三章错的就是错的
叶无坷道：“只是觉得你们可能会觉得麻烦。”,天下长宁,第十三章错的就是错的
苗新秀道：“我们觉得什么麻烦？”,天下长宁,第十三章错的就是错的
叶无坷道：“他们都五六十岁了。”,天下长宁,第十三章错的就是错的
苗新秀正色道：“五六十岁怎么了？五六十岁也是该死的罪人！他们曾经犯下的罪行，每个人都该被凌迟！”,天下长宁,第十三章错的就是错的
或许是因为赵先生一家的死让叶无坷心事沉重，所以他也没有过多解释什么。,天下长宁,第十三章错的就是错的
苗新秀只是觉得，这个少年似乎有些不该有的妇人之仁。,天下长宁,第十三章错的就是错的
休息了一夜之后一行人继续往上爬，有苗新秀的地图，再加上偶尔还能看到贼人留下的痕迹，所以方向倒是不难确定。,天下长宁,第十三章错的就是错的
贼人应该清理过痕迹，可他们来去匆忙显然没有那么仔细。,天下长宁,第十三章错的就是错的
等到了第三天的时候叶无坷他们才明白过来，贼人没有那么仔细的清理痕迹，是因为到了这，痕迹自然就消失了。,天下长宁,第十三章错的就是错的
这地方连苗新秀都没到过，前边是一条峡谷，峡谷上方只有一线光亮，平日里的雪基本进不来，峡谷之中还有一条小溪流过，根本没有足迹。,天下长宁,第十三章错的就是错的
踩着水继续往前走了能有三四里远就豁然开朗起来，这里竟然和外边如同两个世界一样。,天下长宁,第十三章错的就是错的
进山的时候冷的滴水成冰，越往里边走越是看不到积雪，眼睛适应了白茫茫的天地，进了这峡谷最里边后竟是有些不适应。,天下长宁,第十三章错的就是错的
这里也冷，比起山外却好了不少，叶无坷刚才走过的时候就闻到了些不同寻常的气味，果然没走多远就看到了冒着热气的泉水。,天下长宁,第十三章错的就是错的
再往前走了能有二里左右重新变得狭窄起来，在这只容一人经过的小路上居然还建造了一个吊门，吊门往下一放便无法通行。,天下长宁,第十三章错的就是错的
吊门在大概一人多高的位置悬着，再往上是用几根粗木横在那做的门梁。,天下长宁,第十三章错的就是错的
门梁再往上还修了一个极小的箭楼，勉强也就是能站下两个人，在这箭楼里应该是能斩断挂着吊门的绳索。,天下长宁,第十三章错的就是错的
有个人，就蜷坐在那逼仄的地方打着呼噜，抬头看，只能看到花白头发。,天下长宁,第十三章错的就是错的
苗新秀明显脸色变了变，他轻手轻脚过去，一跃后双手就攀住了箭楼边缘，翻身上去的时候那里边睡着了的人这才惊醒。,天下长宁,第十三章错的就是错的
苗新秀一把抓着那人扔下来，以防此人斩断吊门绳索。,天下长宁,第十三章错的就是错的
那人落地之后疼的哀嚎一声，待看清楚把他抛下来的人并不认识后，这花白头发的本能想喊，然后就看到了一身戎装的陆吾等人。,天下长宁,第十三章错的就是错的
这一刻，这骨瘦如柴头发花白的家伙愣住了，然后莫名其妙的嚎啕大哭起来，众人也才发现他满嘴里也只剩下两颗灰黄的牙齿。,天下长宁,第十三章错的就是错的
只一刻之后，叶无坷他们就到了这群悍匪住处，这个类似于庭院的地方聚集了十几个人，几乎个个都和外边放哨的人差不多。,天下长宁,第十三章错的就是错的
衣衫褴褛，头发稀疏而又干枯，脸色焦黄，双目无神，看到外人来了，他们第一反应竟然不是反抗也不是惊慌，只是迷茫。,天下长宁,第十三章错的就是错的
叶无坷侧头看向苗新秀，这个为报仇准备了二十年的汉子此时才是满目震惊。,天下长宁,第十三章错的就是错的
唯有两个勉强还算强壮的家伙正跪在一个奄奄一息的老者旁边，看到叶无坷他们进来后就猛的起身。,天下长宁,第十三章错的就是错的
“抄家伙！”,天下长宁,第十三章错的就是错的
其中一个留着络腮胡的男人暴喝一声，顺手将旁边的石斧抓了起来。,天下长宁,第十三章错的就是错的
另一个与他年纪相仿的家伙拿了把已经满是锈迹的刀，或许挥舞的力气大些都能把刀震断。,天下长宁,第十三章错的就是错的
可是那十几个年纪大了形同朽木一样的家伙，没有一个去拿所谓的家伙。,天下长宁,第十三章错的就是错的
就这样对视了大概四五息之后，一个几乎掉光了头发，骨瘦如柴的人跌跌撞撞往前走，然后扑通一声跪下了。,天下长宁,第十三章错的就是错的
“带我走吧，抓我回去，求求你们了，抓我回去吧。”,天下长宁,第十三章错的就是错的
一边说着一边磕头，说话的时候嘴里的腥臭气息能喷出来老远。,天下长宁,第十三章错的就是错的
“你们在干什么！”,天下长宁,第十三章错的就是错的
络腮胡的汉子嘶吼着：“他们是来抓咱们的！上去杀了他们！”,天下长宁,第十三章错的就是错的
而那些行尸走肉一样的人却只盯着那个跪下来哭泣的家伙，不久之后，第二个跪下来的人出现了，然后是第三个第四个。,天下长宁,第十三章错的就是错的
“我们当年就不该跟着刘隶进山，我们错了。”,天下长宁,第十三章错的就是错的
一个枯瘦的老者跪下来嚎啕大哭，可是哭了半天竟没有一滴眼泪掉下来。,天下长宁,第十三章错的就是错的
他不是在假哭，只是没有泪。,天下长宁,第十三章错的就是错的
另一个人跪着挪到苗新秀脚边：“我们认罪，把我们都抓回去吧，关进大牢里，关进大牢里都行。”,天下长宁,第十三章错的就是错的
一心报仇的苗新秀看着这些跪着的半人半鬼的家伙，眼神里是一种复杂到极致的痛苦。,天下长宁,第十三章错的就是错的
“怎么会是这样？”,天下长宁,第十三章错的就是错的
良久后，苗新秀喃喃自语。,天下长宁,第十三章错的就是错的
他为了报仇为了抓贼准备了二十年，二十年来他想过无数次自己会怎么死在这些恶人手里，也想过无数次自己怎么手刃这些恶人，唯独没有想过当年的恶人会变成这样。,天下长宁,第十三章错的就是错的
不远处，徐柯压低声音问陆吾：“贼人目前没有反抗，杀不杀？”,天下长宁,第十三章错的就是错的
陆吾张了张嘴，一时之间也没能给出个答案来。,天下长宁,第十三章错的就是错的
叶无坷默默的走到苗新秀身边，扶着苗新秀转身面对来时路，然后他从苗新秀手里接过来已经上弦的连弩，也喃喃自语了一声。,天下长宁,第十三章错的就是错的
“就知道会有些麻烦啊......可是，犯死罪的，就该活着的时候杀。”,天下长宁,第十三章错的就是错的
转身往里走。,天下长宁,第十三章错的就是错的
“大奎哥二奎哥，帮我关下门。”,天下长宁,第十三章错的就是错的
。。。。。。,天下长宁,第十三章错的就是错的
【如果，我，喊一声，爹们，那大家可否给我二月的第一张月票？】,天下长宁,第十三章错的就是错的
【如果，我，喊一声，爹们，那大家可否给我二月的第一张月票？】,天下长宁,第十四章他撑到了那时候
陆吾看着苗新秀手发颤的把烟斗从腰带上摘下来，更为发颤的把烟斗点上使劲儿的连续的嘬了好几口。,天下长宁,第十四章他撑到了那时候
陆吾他们在这一刻，都感受到了这位老兵对自己的深深恨意。,天下长宁,第十四章他撑到了那时候
本该毫不犹豫抽刀向前的事，他却真的犹豫了，这犹豫就好像毫无道理，又好像合情合理。,天下长宁,第十四章他撑到了那时候
“我想过很多种。”,天下长宁,第十四章他撑到了那时候
苗新秀说。,天下长宁,第十四章他撑到了那时候
“我二十年来不敢有一点儿松懈，坚持练功，我快五十岁了，可我觉得我应该比三十岁的时候还要强壮还要能打。”,天下长宁,第十四章他撑到了那时候
苗新秀絮絮叨叨的说着。,天下长宁,第十四章他撑到了那时候
“被他们杀了或是杀了他们，我下刀的时候应该先砍哪儿，应该怎么去折磨这些人渣败类，他们都该被凌迟。”,天下长宁,第十四章他撑到了那时候
苗新秀抬起头，眼神里有些空洞。,天下长宁,第十四章他撑到了那时候
“我想过很多种......唯独没有想过，我自己会犹豫，会......没能直接一刀一刀砍下去。”,天下长宁,第十四章他撑到了那时候
陆吾拍了拍这位老兵的肩膀，可没能说出些安慰的话。,天下长宁,第十四章他撑到了那时候
在看到那些半人半鬼的家伙的瞬间，陆吾也被震惊了，其实当时只有三个人没变化，大奎二奎是不在乎，叶无坷是想到了。,天下长宁,第十四章他撑到了那时候
那个情况别说是苗新秀，陆吾在上山之前也一直都在想着面对如此一群凶悍的恶匪厮杀会有多惨烈。,天下长宁,第十四章他撑到了那时候
不然的话，他们在山下又怎么会留遗言？,天下长宁,第十四章他撑到了那时候
“从始至终，只有叶无坷一个人脸色没有变化。”,天下长宁,第十四章他撑到了那时候
徐柯站在陆吾旁边轻声说了一句。,天下长宁,第十四章他撑到了那时候
谢长逊道：“他在半路上和苗大哥提起那些凶徒都差不多五六十岁的时候，应该就已经都想到了吧。”,天下长宁,第十四章他撑到了那时候
徐柯叹道：“我在长安城，从没有对任何一个同龄人服气过，包括你们......”,天下长宁,第十四章他撑到了那时候
他说完这句后看向那关起来的门，大奎二奎就站在门口，像是两尊门神一样，可门神看起来真没有那么凶。,天下长宁,第十四章他撑到了那时候
谢长逊道：“他不是我们同龄人，他比我们小。”,天下长宁,第十四章他撑到了那时候
徐柯苦笑一声：“何必最后一点遮羞布也不留？”,天下长宁,第十四章他撑到了那时候
就在这时候门吱呀一声开了，在门开的那一刻众人看到那个类似于庭院的山洞里浓烟滚滚。,天下长宁,第十四章他撑到了那时候
叶无坷缓步出门，这个总是笑嘻嘻的话痨少年此时脸色依然平静的好像什么都没有做过一样。,天下长宁,第十四章他撑到了那时候
可是，当他脸上失去笑容也不再话痨的时候本身就是不平静的表现。,天下长宁,第十四章他撑到了那时候
门被叶无坷又关上了。,天下长宁,第十四章他撑到了那时候
“都杀了？”,天下长宁,第十四章他撑到了那时候
陆吾问。,天下长宁,第十四章他撑到了那时候
叶无坷点了点头。,天下长宁,第十四章他撑到了那时候
陆吾又问：“怎么这么久？”,天下长宁,第十四章他撑到了那时候
叶无坷回答道：“每个人都有他们该得到的下场，所以时间用的多了些。”,天下长宁,第十四章他撑到了那时候
陆吾沉默了片刻后问道：“那个躺在石床上快死了的家伙，就是当初在双山镇无恶不作的刘隶？”,天下长宁,第十四章他撑到了那时候
叶无坷道：“是他。”,天下长宁,第十四章他撑到了那时候
陆吾又问：“那两个看起来年轻些的，就是杀害赵先生一家的凶手？”,天下长宁,第十四章他撑到了那时候
叶无坷回答：“是他们。”,天下长宁,第十四章他撑到了那时候
陆吾道：“我去看一眼。”,天下长宁,第十四章他撑到了那时候
叶无坷伸手拉了他一下：“别去了。”,天下长宁,第十四章他撑到了那时候
陆吾犹豫片刻，选择听了叶无坷的话不进去看了，那道门不是很严密，烟气还在往外涌。,天下长宁,第十四章他撑到了那时候
不必去看，也能知道里边的人都是什么下场，陆吾能想到，刘隶的儿子和侄子一把火烧死了赵先生全家，那两个家伙的下场也一定如此。,天下长宁,第十四章他撑到了那时候
因为那少年让大奎二奎关门的时候说过一句......这世界应该很简单，对的就是对的，错的就是错的，该怎样就要怎样。,天下长宁,第十四章他撑到了那时候
刘隶在双山镇的时候祸害的女人数都数不过来，多少人家的姑娘出阁时候他都会假惺惺拎着些贺礼到场，当天夜里，就会闯进闺房。,天下长宁,第十四章他撑到了那时候
不是没有气愤难平的少年去找他报仇，刘隶和他手下数十凶徒会把这样的少年开膛破肚。,天下长宁,第十四章他撑到了那时候
“走吧。”,天下长宁,第十四章他撑到了那时候
陆吾看着满手是血的少年轻声说道：“回镇子上去，我陪你喝两杯酒。”,天下长宁,第十四章他撑到了那时候
少年摇头：“再等等。”,天下长宁,第十四章他撑到了那时候
陆吾问：“还等什么？”,天下长宁,第十四章他撑到了那时候
少年语气平淡的回答：“等火烧尽，看看灰。”,天下长宁,第十四章他撑到了那时候
陆吾心里猛然一震。,天下长宁,第十四章他撑到了那时候
不知道过去多久，那道门里边的烟气似乎已经散尽，少年让大奎二奎离开门口，他独自打开门看了看。,天下长宁,第十四章他撑到了那时候
待看清楚后，他又把那扇门关上。,天下长宁,第十四章他撑到了那时候
说完这两个字，少年便低着头下山，他的沉默寡言似乎就是在诉说，报仇本该有的快意也绝不可能冲淡仇恨本身带来的悲伤。,天下长宁,第十四章他撑到了那时候
报仇，也许连快意都没有。,天下长宁,第十四章他撑到了那时候
赵先生一家没了，报了仇也是没了。,天下长宁,第十四章他撑到了那时候
走在半路上天就已经黑了，大家寻了个能避风的地方准备过夜。,天下长宁,第十四章他撑到了那时候
叶无坷坐在那发呆的时候，苗新秀过来挨着他坐下，沉默了好一会儿后，苗新秀把腰带上挂着的烈酒摘下来递给叶无坷。,天下长宁,第十四章他撑到了那时候
“谢谢。”,天下长宁,第十四章他撑到了那时候
他说。,天下长宁,第十四章他撑到了那时候
叶无坷接过酒，没喝。,天下长宁,第十四章他撑到了那时候
少年觉得，该靠内心去面对什么的时候若靠外力外物能帮自己度过，也许在不久的将来，都会成为依赖。,天下长宁,第十四章他撑到了那时候
他在渤海国的时候就杀了不少敌人，但那样的杀敌和这次的复仇似乎完全不一样。,天下长宁,第十四章他撑到了那时候
“很难吧。”,天下长宁,第十四章他撑到了那时候
苗新秀自己喝了一大口烈酒后问出这三个字，他能想象出来那少年动手的时候要过的第一关是少年内心的善良。,天下长宁,第十四章他撑到了那时候
赵先生不止一次和苗新秀说过，叶无坷是他见过的心中善念最重也最执的人。,天下长宁,第十四章他撑到了那时候
赵先生还不止一次说过，这样心性的少年简直就是天生就该做医者的人。,天下长宁,第十四章他撑到了那时候
但赵先生从来都没有和叶无坷说过想让这少年叫他一声师父，因为赵先生也说过他总觉得叶无坷的人生不该困在这大雪山中。,天下长宁,第十四章他撑到了那时候
赵先生每次路过无事村都会去叶无坷家里讨酒喝，他不是馋那口酒，他是一次一次的去劝老猎户，让叶无坷走出大山去看看外边的世界有多大。,天下长宁,第十四章他撑到了那时候
这里山连着山看起来很大，和外边的世界比起来也只是一粒一粒沙。,天下长宁,第十四章他撑到了那时候
赵先生还说，无事村很好，他这么多年走过那么多地方，都没有见过比无事村更好的村子了。,天下长宁,第十四章他撑到了那时候
可再好也只是村。,天下长宁,第十四章他撑到了那时候
他说很羡慕无事村里里永远都风平浪静，他还说可少年骨血里就该有风也有浪。,天下长宁,第十四章他撑到了那时候
赵先生不求师徒之名，也不想让少年怀太重的感恩之心，所以每次都像是路过一样，去叶无坷家里传授一些医术。,天下长宁,第十四章他撑到了那时候
每次都会讨酒喝，他是想告诉少年，那二两老酒，可抵束脩。,天下长宁,第十四章他撑到了那时候
我教了你一些东西，也喝了你家老酒，这就不该再有谁欠谁，可算两厢情愿。,天下长宁,第十四章他撑到了那时候
赵先生说，孩子你记住，你情我愿，才是这世上最舒服的相处，师徒父子夫妻亲朋，不外如是。,天下长宁,第十四章他撑到了那时候
赵先生是个善良的人，善良的人才懂得善良的孩子内心之中总是怀有歉疚之心不好。,天下长宁,第十四章他撑到了那时候
所以他每次见到叶无坷都会说上一遍......世上对错本该简单，将心比心就不亏心。,天下长宁,第十四章他撑到了那时候
他还说你总觉得欠着别人的是好事也不是好事，好事是你会越来越善良，不是好事是，你不该善良的时候也会善良。,天下长宁,第十四章他撑到了那时候
赵先生还说，你哥比你强的地方只有一点，那就是在你哥心里，对错之间永远都是一条直线。,天下长宁,第十四章他撑到了那时候
苗新秀和赵先生关系极好，每次赵先生喝的多些就会提起那少年，每次提起都会满眼得意，如同那少年是他亲生的一样，又或许，恰是因为每次都会提起以至于每次才会喝的多些。,天下长宁,第十四章他撑到了那时候
所以他说，孩子，你哥能直达对错，而你能摆清善恶。,天下长宁,第十四章他撑到了那时候
“以后，我大概不会留在双山镇了。”,天下长宁,第十四章他撑到了那时候
苗新秀又喝了一大口酒。,天下长宁,第十四章他撑到了那时候
说这句话的时候，心里好像是空的。,天下长宁,第十四章他撑到了那时候
有些人一开口的时候，就能听出他的喜悦或悲凉。,天下长宁,第十四章他撑到了那时候
叶无坷依然沉默。,天下长宁,第十四章他撑到了那时候
有些人不开口的时候，是因为他只有悲凉。,天下长宁,第十四章他撑到了那时候
叶无坷从来都不是一个吝啬于分享喜悦的人，他只是不分享悲伤，这大概就是懂事的孩子从一懂事就学会的东西。,天下长宁,第十四章他撑到了那时候
苗新秀一口一口的喝着酒，这一壶老酒很快就见了底。,天下长宁,第十四章他撑到了那时候
见少年不说话，苗新秀准备起身离开。,天下长宁,第十四章他撑到了那时候
手刃仇人这种事如果是在故事里讲出来应该会有些爽才对，可十五六岁的少年满手鲜血哪会有这样的爽？,天下长宁,第十四章他撑到了那时候
“苗叔。”,天下长宁,第十四章他撑到了那时候
叶无坷忽然叫了一声。,天下长宁,第十四章他撑到了那时候
苗新秀停下，他问：“怎么了？”,天下长宁,第十四章他撑到了那时候
叶无坷抬头看向那眼神落寞的络腮胡汉子真心问道：“能做我师父吗？”,天下长宁,第十四章他撑到了那时候
苗新秀的眼神在这一刻骤然就明亮起来，像是夜晚云层后边的那颗星突然就飞到了云层外。,天下长宁,第十四章他撑到了那时候
“你想学什么？”,天下长宁,第十四章他撑到了那时候
他问。,天下长宁,第十四章他撑到了那时候
叶无坷很真诚的说道：“我听闻明年东疆武库要招收第一批学员，我想进。”,天下长宁,第十四章他撑到了那时候
苗新秀思考了一会儿后回答道：“以你的本事，不难。”,天下长宁,第十四章他撑到了那时候
叶无坷道：“该更稳妥些才行，苗叔是老兵，经历过那么多生死之战，知道怎么把我变成一个合格的兵。”,天下长宁,第十四章他撑到了那时候
苗新秀问：“你是突然想做成为一个兵的？”,天下长宁,第十四章他撑到了那时候
叶无坷道：“东北十万山，山山有贼寇，就算我进不得武库，当不了兵，也该做些该做的事。”,天下长宁,第十四章他撑到了那时候
苗新秀点了点头后说道：“我不会留在双山镇了......以后你去哪儿，师父跟去哪儿。”,天下长宁,第十四章他撑到了那时候
叶无坷起身，先是肃然一拜，然后跪下来叩首，行认师礼。,天下长宁,第十四章他撑到了那时候
陆吾看到这一幕后心中感慨的无法平静，他声音很轻的说道：“我实在想不出还有谁，比叶无坷心地更善良。”,天下长宁,第十四章他撑到了那时候
谢长逊点头道：“这件事有个了结之后苗新秀心里都空了，离开双山镇，不管走到哪还有什么信念，多半是活不长，叶无坷此时拜他为师，是再给他一份信念。”,天下长宁,第十四章他撑到了那时候
徐柯道：“这样的家伙若是不拉他到长安去，以后回想起来可能悔的肠子都青了。”,天下长宁,第十四章他撑到了那时候
谢长逊道：“越是这样的家伙，越是不容易被我们拉走，他不想欠人情，好在是靠他自己也一样能走到长安。”,天下长宁,第十四章他撑到了那时候
三人对视一眼，眼神里都有些欣慰。,天下长宁,第十四章他撑到了那时候
下山之后叶无坷帮苗新秀收拾东西，苗新秀则准备亲自去一趟县衙将此事详细说明后再走。,天下长宁,第十四章他撑到了那时候
“我还是得问问......”,天下长宁,第十四章他撑到了那时候
苗新秀道：“杀害赵先生一家的那两个人......”,天下长宁,第十四章他撑到了那时候
叶无坷回答：“烧死了，绑在一起烧死的，师父说过先生一家是被绑在一起烧死的，其他人是先斩首，然后烧成灰。”,天下长宁,第十四章他撑到了那时候
苗新秀眼神里都是心疼，他抬起手拍了拍叶无坷肩膀：“难为你了。”,天下长宁,第十四章他撑到了那时候
叶无坷又怎么会不明白，师父想问的并不是要告诉县令大人的，师父想问的也不只是刘敢为和刘敢做那两个凶徒的死法，师父更想问的是刘隶的死法。,天下长宁,第十四章他撑到了那时候
因为刘隶不是师父亲手所杀，所以他终究是心里有些空荡。,天下长宁,第十四章他撑到了那时候
所以少年语气平和的诉说：“是凌迟，陆大哥问我怎么会那么久，是因为刘隶该凌迟，我下刀再快，也得够足刀数。”,天下长宁,第十四章他撑到了那时候
苗新秀怔住，片刻后喃喃自语道：“那恶贼病入膏肓撑不到你割够刀数再死，也是这狗娘养的最后的运气。”,天下长宁,第十四章他撑到了那时候
叶无坷回答：“他撑到了。”,天下长宁,第十四章他撑到了那时候
苗新秀再次怔住。,天下长宁,第十四章他撑到了那时候
叶无坷看起来依然平静：“我和先生学过些医术。”,天下长宁,第十四章他撑到了那时候
。。。。。。,天下长宁,第十四章他撑到了那时候
【呼呼要月票，我就是呼呼。】,天下长宁,第十四章他撑到了那时候
【呼呼要月票，我就是呼呼。】,天下长宁,第十五章先割才能舍
天还没亮叶无坷他们就已经把东西收拾好，打开门出来的时候外边还是漆黑一片。,天下长宁,第十五章先割才能舍
苗新秀回头看了一眼自己住了二十年的这间老屋，眼神里的迷离是他心底里封印不住的不舍。,天下长宁,第十五章先割才能舍
他在那裂开了不少缝的门板上轻轻摸了摸，又拍了拍，门轴吱呀吱呀轻响，若在回应他的辞别。,天下长宁,第十五章先割才能舍
大奎站在门外冻的打了个哆嗦，二奎站在门口另一侧不停的跺脚。,天下长宁,第十五章先割才能舍
二奎说：“娘说过，家里要是没个婆娘永远都是冷的，苗大叔家里没婆娘，昨夜睡在他这我屁股蛋子都是冷的。”,天下长宁,第十五章先割才能舍
大奎道：“你那屁股蛋什么时候不是冷的。”,天下长宁,第十五章先割才能舍
叶无坷侧头看他俩：“？”,天下长宁,第十五章先割才能舍
二奎说：“我屁股蛋冷，那不是因为我也没婆娘吗。”,天下长宁,第十五章先割才能舍
大奎说：“那你说人家苗大叔没婆娘干嘛？苗大叔有婆娘也暖不着你屁股蛋啊。”,天下长宁,第十五章先割才能舍
苗新秀：“咳咳......”,天下长宁,第十五章先割才能舍
二奎一本正经道：“苗大叔都老了还没婆娘，我才多大，我将来肯定有，姜头阿爷给我算过，说我能有仨婆娘。”,天下长宁,第十五章先割才能舍
二奎问他：“苗大叔你一次婚都没成过吗？”,天下长宁,第十五章先割才能舍
苗新秀：“没。”,天下长宁,第十五章先割才能舍
二奎说：“那你不如我，我能成三次婚呢。”,天下长宁,第十五章先割才能舍
大奎道：“那我还能成七次婚呢。”,天下长宁,第十五章先割才能舍
二奎说：“你那个不算，你说娶七个得自己想辙去，我那个是姜头阿爷给算的，三婚天注定，你那个七婚靠打拼。”,天下长宁,第十五章先割才能舍
苗新秀低声道：“咱们还是抓紧上路吧，不然一会儿乡亲们都起来了。”,天下长宁,第十五章先割才能舍
叶无坷点了点头，他知道苗新秀不想让乡亲们看到他走，他在双山镇已经二十年，他不舍这里，这里也同样不舍他。,天下长宁,第十五章先割才能舍
二奎用肩膀撞了撞叶无坷：“你几婚啊。”,天下长宁,第十五章先割才能舍
大奎说：“废话，咱家有俩妹子，他当然两婚。”,天下长宁,第十五章先割才能舍
二奎道：“那还有个高姑娘呢？他也三婚，跟我一样天注定。”,天下长宁,第十五章先割才能舍
在旁边的陆吾，徐柯，还有谢长逊三人同时举头望天。,天下长宁,第十五章先割才能舍
苗新秀此时又回望了一眼这个镇子，然后吐出一口白白的气，在这个清寒的黎明，他率先朝着镇子外边迈步。,天下长宁,第十五章先割才能舍
“苗乡丞！”,天下长宁,第十五章先割才能舍
身后突然传来喊声，苗新秀脚步骤然一停。,天下长宁,第十五章先割才能舍
那个和叶无坷见过一面的老人家，在小孙子的搀扶下颤颤巍巍的却脚步很快的追过来。,天下长宁,第十五章先割才能舍
“真的要走了吗？”,天下长宁,第十五章先割才能舍
老人家问的时候，嗓音和他的步伐一样颤颤巍巍。,天下长宁,第十五章先割才能舍
“嗯，要走了。”,天下长宁,第十五章先割才能舍
苗新秀转身回应，他不想骗双山镇的乡亲，从未，也永不想骗这里的每一个人。,天下长宁,第十五章先割才能舍
老人家急匆匆的追来，到近前后就一把握住了苗新秀的手。,天下长宁,第十五章先割才能舍
“夜了个下半晌你们回来就在收拾东西，我来瞧你的时候看见了，你还想背着我，那时候我就想，你大概是要走了。”,天下长宁,第十五章先割才能舍
老人家紧紧的握着苗新秀的手，用力到他的手指和苗新秀的手指都稍稍有些变形。,天下长宁,第十五章先割才能舍
“就不回来了？”,天下长宁,第十五章先割才能舍
老人家问。,天下长宁,第十五章先割才能舍
苗新秀张了张嘴，没敢回答。,天下长宁,第十五章先割才能舍
就在这时候，镇子里亮起来的地方越来越多，不知道多少人或是举着火把或是提着灯笼出门来，像是一条一条星河，逐渐在镇子口汇聚成一片星海。,天下长宁,第十五章先割才能舍
“苗乡丞，真的要走了？”,天下长宁,第十五章先割才能舍
“别不回来，咱家在这。”,天下长宁,第十五章先割才能舍
一个看起来才五六岁的虎头虎脑的小家伙喊：“苗大伯，你还答应我今年腊八到我家里吃饭呢。”,天下长宁,第十五章先割才能舍
旁边一个被娘抱在怀里的四五岁的小丫头喊：“你家腊八不好次，我家腊八才好次，苗大伯来我家次腊八。”,天下长宁,第十五章先割才能舍
苗新秀眼圈微红着笑道：“丫头，你俩是一家的。”,天下长宁,第十五章先割才能舍
那小丫头喊：“不是一家的，我跟我娘睡，他跟我爹睡。”,天下长宁,第十五章先割才能舍
那虎头虎脑的小男孩儿不服气：“那是我偷着跟娘睡你不知道，爹偷着跟娘睡你也不知道，爹还跟娘打滚儿呢！”,天下长宁,第十五章先割才能舍
陆吾，徐柯，谢长逊举头望天。,天下长宁,第十五章先割才能舍
二奎问大奎：“为什么打滚儿？”,天下长宁,第十五章先割才能舍
大奎：“成了亲好像都得打滚儿，应该是摔跤。”,天下长宁,第十五章先割才能舍
二奎想了想突然就觉得很累，摇头叹息：“我得摔仨？”,天下长宁,第十五章先割才能舍
那位老人家拉着苗新秀的手说道：“该去干什么就去，别忘了回家来就行，我这一把年纪了，到临走的时候不能见不着你。”,天下长宁,第十五章先割才能舍
苗新秀眼神有些迷离，嘴唇也在微微发颤。,天下长宁,第十五章先割才能舍
叶无坷上前一步说道：“阿爷阿奶，叔叔婶婶，苗乡丞会回来啊，这次剿匪得上报县衙，县衙还要上报府衙，府衙还要上报到长安，好大一圈，等事办完了他就回来了。”,天下长宁,第十五章先割才能舍
他说：“乡丞到了长安，兴许还能见到皇帝陛下，到时候陛下就问，你就是那个双山镇乡丞？你干的很好，得给你升官儿！”,天下长宁,第十五章先割才能舍
老人家听到这激动起来，立刻说道：“升官好，给乡丞升官好，去做大官，你得做大官，做大官要是回不来......也没事，你是个好官，做大官也是好官。”,天下长宁,第十五章先割才能舍
苗新秀忽然大声喊道：“我不做大官，我将来肯定回。”,天下长宁,第十五章先割才能舍
被娘亲抱着的那个小丫头问：“苗大伯你不骗人？”,天下长宁,第十五章先割才能舍
苗新秀使劲儿点头：“不骗人。”,天下长宁,第十五章先割才能舍
小丫头努力的伸出胖嘟嘟白乎乎的小手：“拉勾，拉勾就不能骗人。”,天下长宁,第十五章先割才能舍
苗新秀过去和她勾住手指，小丫头说：“你不骗人就是好大伯，我也让你和阿娘睡。”,天下长宁,第十五章先割才能舍
小胖小子儿拉着他爹的手说：“我看行，阿爹你看行吗？”,天下长宁,第十五章先割才能舍
苗新秀：“......”,天下长宁,第十五章先割才能舍
脖子都望酸了，嘴角忍不住的想抽搐，心情又复杂，明明有些伤感，可又憋笑憋的难受。,天下长宁,第十五章先割才能舍
老人家让孙儿把带来的煮鸡蛋塞给苗新秀，苗新秀没有躲开，以前乡亲们总是变着法儿的给他送些吃的，他都是能不收就不收，因为谁给他送东西，送的都是自家舍不得吃的好东西。,天下长宁,第十五章先割才能舍
他虽只是不入品的乡丞，可有俸禄，虽然他那点俸禄，九成都用来接济乡亲了。,天下长宁,第十五章先割才能舍
这地方靠天吃饭靠山吃饭，乡亲们家里的哪一粒粮食不是来自连石头缝都不放过的栽种？,天下长宁,第十五章先割才能舍
但这次，他不敢拒绝。,天下长宁,第十五章先割才能舍
他的衣服里塞满了煮鸡蛋，窝窝头，腊肉，脖子上还不知道被谁挂上了串大蒜，满满当当，像是武装到了牙齿的大将军。,天下长宁,第十五章先割才能舍
他弯腰给乡亲们鞠躬。,天下长宁,第十五章先割才能舍
老人家说：“给乡丞磕个头吧，愿乡丞到哪儿都无病无灾。”,天下长宁,第十五章先割才能舍
“愿乡丞无病无灾！”,天下长宁,第十五章先割才能舍
乡亲们都跪下来。,天下长宁,第十五章先割才能舍
苗新秀也跪下来，也给乡亲们磕头。,天下长宁,第十五章先割才能舍
叶无坷跟着苗新秀跪下来说：“大家都放心，乡丞是我师父，有我照看着他，保证他平平安安无病无灾。”,天下长宁,第十五章先割才能舍
老人家扶着他：“以前没怎么见过你，可我知道你是个好娃儿，跟着师父要好好学，你们都好好的。”,天下长宁,第十五章先割才能舍
叶无坷点头：“记住了。”,天下长宁,第十五章先割才能舍
大奎见叶无坷跪下来他也跪下来，二奎见大奎跪下来他也跪下来，别人磕一个头，他在那咣咣咣的磕。,天下长宁,第十五章先割才能舍
陆吾他们三个身穿戎装，朝着双山镇的乡亲们肃立行军礼。,天下长宁,第十五章先割才能舍
天已经亮了，苗新秀走几步就回头，乡亲们走到高处看着他，一直在挥手告别，又像是在招手想他回去。,天下长宁,第十五章先割才能舍
众人走了很远，心里依然都有些难过。,天下长宁,第十五章先割才能舍
虽然苗新秀和双山镇乡亲们的告别好像和他们并没有什么直接关系，可又好像他们每个人在这一刻都变成了苗新秀的化身，所以感同身受。,天下长宁,第十五章先割才能舍
似乎是想打破这种难受的气氛，陆吾先是笑了笑后说道：“苗大叔要是想去长安，等我们回长安的时候带你一起，长安城里好吃的好玩的，我们几个包了。”,天下长宁,第十五章先割才能舍
还不等苗新秀说话，二奎急着问：“长安城里好吃的多吗？”,天下长宁,第十五章先割才能舍
徐柯笑道：“当然多，天南地北的好吃的在长安都能吃到。”,天下长宁,第十五章先割才能舍
二奎拉了叶无坷一把：“妹夫，咱们去长安吧。”,天下长宁,第十五章先割才能舍
大奎道：“妹夫还有大事呢。”,天下长宁,第十五章先割才能舍
二奎问：“什么大事？”,天下长宁,第十五章先割才能舍
大奎道：“不知道。”,天下长宁,第十五章先割才能舍
叶无坷缓了一口气，也让自己从赵先生一家被杀的悲怆之中尽量抽离出来。,天下长宁,第十五章先割才能舍
他不想因为自己而让大家都不敢笑，他的悲伤是他的，可是开心，他希望是大家的。,天下长宁,第十五章先割才能舍
他说：“大事就是去长安，等到可以去的时候就去。”,天下长宁,第十五章先割才能舍
陆吾若有深意的看了叶无坷一眼后说道：“其实......你想什么时候去就可以什么时候去，郡主说过你随时能去。”,天下长宁,第十五章先割才能舍
叶无坷笑着说道：“等什么时候能把无事村都搬到长安去，那才好玩。”,天下长宁,第十五章先割才能舍
陆吾心说这个家伙，年纪轻轻怎么这么心累。,天下长宁,第十五章先割才能舍
二奎凑过来问：“那，长安城里有什么好玩的？”,天下长宁,第十五章先割才能舍
陆吾还没说话，徐柯笑道：“你不是说你命里能成三次婚吗，到了长安小淮河，有的是漂亮的外域姑娘，你想天天成婚都行，一天成好几回也行。”,天下长宁,第十五章先割才能舍
一说到这谢长逊也来劲了，眼神发亮，自言自语的吟诗一句：“二八佳人体如酥......”,天下长宁,第十五章先割才能舍
说完这句就停了，陆吾笑话道：“后边的怎么不说了？”,天下长宁,第十五章先割才能舍
这诗名为警世，是长安城里一位吕姓才子所做，全诗四句，是为：二八佳人体如酥，腰间仗剑斩凡夫。虽然不见人头落，暗里教君骨髓枯。,天下长宁,第十五章先割才能舍
大概是说若沉迷于青楼享受，早晚都会败坏了身子一命呜呼。,天下长宁,第十五章先割才能舍
被陆吾激了一句，谢长逊这般在长安城里放荡不羁爱自由的性子还能怂了？,天下长宁,第十五章先割才能舍
他咳嗽了一声后摇头晃脑且意志坚定的说道：“二八佳人体如酥，斩凡夫就斩凡夫，人头落就人头落，骨髓枯就骨髓枯！”,天下长宁,第十五章先割才能舍
徐柯挑了挑大拇指：“丈夫！”,天下长宁,第十五章先割才能舍
陆吾也挑了挑大拇指：“种猪！”,天下长宁,第十五章先割才能舍
二奎看向大奎问：“大锅，他们是在说戏词吗？一套一套的。”,天下长宁,第十五章先割才能舍
大奎摇着头理性分析道：“应该说的是配猪。”,天下长宁,第十五章先割才能舍
二奎道：“那有什么，咱村配猪哪次落下我了，哪次我没看过。”,天下长宁,第十五章先割才能舍
陆吾：“配猪？”,天下长宁,第十五章先割才能舍
徐柯：“粗俗。”,天下长宁,第十五章先割才能舍
谢长逊白了他俩一眼：“压个妹没完没了的......赶路赶路，说不定到了澄潭关就有体如酥。”,天下长宁,第十五章先割才能舍
苗新秀这种自认为是个粗糙汉子的家伙，在这群新时代的年轻人面前竟然觉得自己单纯的就跟......,天下长宁,第十五章先割才能舍
就跟叶无坷是的。,天下长宁,第十五章先割才能舍
叶无坷听的一愣一愣的，心想着这些词要不要记下来？他以前也学过不少意志坚决的诗词，每次读都觉得这些词句可真好。,天下长宁,第十五章先割才能舍
可今日总觉得谢长逊那几句斩凡夫就斩凡夫好像是坚决之中的坚决，死有何惧的那种坚决，但又不知为什么就觉得这坚决之中隐约还有几分猥琐。,天下长宁,第十五章先割才能舍
更让叶无坷有些羞愧的，是一说到二八佳人他就想到高清澄，然后他就在心里骂自己，败类啊败类，匹夫啊匹夫。,天下长宁,第十五章先割才能舍
苗新秀先要去县衙禀告剿匪之事暂时与他们告别，说好了之后到澄潭关汇合。,天下长宁,第十五章先割才能舍
他们分开之后又走了二十几里，就到了大宁东北最为紧要的边城之一......澄潭关。,天下长宁,第十五章先割才能舍
进城之后没多久他们就打听到，因为前几日的大雪过于放肆，城关外鹅毛河边上的村子里老屋被压垮了不少，澄潭关的武将军还有府丞王大人都不在，分别带着人在村子里抢修房屋救治百姓。,天下长宁,第十五章先割才能舍
几个人商量了一下，也不在城里等着了，干脆直接出城去，还能帮上些忙。,天下长宁,第十五章先割才能舍
。。。。。。,天下长宁,第十五章先割才能舍
【这一章是为本书的第一位盟主淡定從容加更，我继续使劲儿码字，陆续把盟主加更都补上。】,天下长宁,第十五章先割才能舍
【这一章是为本书的第一位盟主淡定從容加更，我继续使劲儿码字，陆续把盟主加更都补上。】,天下长宁,第十六章好秀气的牛......
大奎和二奎在出城之前买了两兜肉包子，两个人同时拿出来一个递给叶无坷：“妹夫，吃！”,天下长宁,第十六章好秀气的牛......
陆吾伸手：“我的呢？”,天下长宁,第十六章好秀气的牛......
大奎问道：“你娶我妹吗？”,天下长宁,第十六章好秀气的牛......
陆吾道：“我就只是想吃个包子，还得拿我身子换？”,天下长宁,第十六章好秀气的牛......
二奎：“那不给。”,天下长宁,第十六章好秀气的牛......
陆吾道：“小气，路上还说你们到了长安城吃喝玩乐我们几个都包了，现在要吃你个包子你都不给，那你们到长安也别找我。”,天下长宁,第十六章好秀气的牛......
二奎：“不找你，我找徐柯和谢长逊。”,天下长宁,第十六章好秀气的牛......
徐柯和谢长逊顿时笑起来，徐柯笑道：“看吧，谁是好人，人家二奎一眼就能看出来。”,天下长宁,第十六章好秀气的牛......
谢长逊笑道：“二奎慧眼如炬。”,天下长宁,第十六章好秀气的牛......
他俩同时伸手：“也正好饿了。”,天下长宁,第十六章好秀气的牛......
二奎摇头：“不给......除非你俩给我当妹夫。”,天下长宁,第十六章好秀气的牛......
谢长逊：“不吃也罢。”,天下长宁,第十六章好秀气的牛......
徐柯：“倒也不饿。”,天下长宁,第十六章好秀气的牛......
陆吾哈哈大笑。,天下长宁,第十六章好秀气的牛......
大奎把包子给大家分了分，一边走一边问：“将军那么大的官，还要去给老百姓修房子？”,天下长宁,第十六章好秀气的牛......
陆吾道：“再大的官也是老百姓的官，没有老百姓要官做什么？”,天下长宁,第十六章好秀气的牛......
他一边走一边吃还一边说话，觉得这平常无奇的包子竟是这般美味，而且，对于他们来说这种在大街上边走边吃的行为就不该发生，他们都是家教森严，平日家里约束极高。,天下长宁,第十六章好秀气的牛......
“我父亲说陛下曾经在朝堂上问文武百官，为什么要有官？有人说若无官约束，令不能行则无秩序，无秩序则天下乱，国家需要有官员所以有官。”,天下长宁,第十六章好秀气的牛......
虽然他知道大奎二奎听不懂，但他还是很仔细很认真的继续解释下去。,天下长宁,第十六章好秀气的牛......
“陛下却说，你们说国家需要有官所以有官没错，但在我看来，是百姓们需要有官所以才有官，百姓们需要什么样的官？是为他们办事解决问题带着他们过好日子的官。”,天下长宁,第十六章好秀气的牛......
“陛下说，百姓们对于官员的期望排在最前的是什么？是过好日子吗？不，过好日子一定是排在排忧解难之后。”,天下长宁,第十六章好秀气的牛......
“陛下说，只要你们做官的把为百姓排忧解难这一件事做好了，你们就已经是百姓们心中的好官，所以为民排忧，就是做官之人要做到的最基本的事。”,天下长宁,第十六章好秀气的牛......
大奎二奎虽然不能完全听懂，但大概意思懂了，俩人谁也没有如以往那样打断陆吾的话，都很认真的听着。,天下长宁,第十六章好秀气的牛......
叶无坷在听着这些话的时候，脑海里仿佛已经有了大宁皇帝陛下的模样。,天下长宁,第十六章好秀气的牛......
缓步走在那恢弘的大殿之内，语气平和但掷地有声。,天下长宁,第十六章好秀气的牛......
陆吾继续说道：“陛下说，你们这些做官的，包括我这个做皇帝的都要仔细想想，百姓们的要求高吗？他们朴实到连希望官员带着他们把日子过好都觉得是过分要求了！”,天下长宁,第十六章好秀气的牛......
他看向大奎二奎说道：“所以陛下说，如果大宁做官的人连最基本的为百姓排忧解难都做不到，那就先不要做官了，去做百姓体会一下百姓的难，体会到了再去找当官的看能不能排忧解难，不能的话，你们看看你们自己骂不骂娘！”,天下长宁,第十六章好秀气的牛......
大奎脸色发红的喊了一声：“好！”,天下长宁,第十六章好秀气的牛......
二奎也喊了一声：“干！皇帝真不孬！”,天下长宁,第十六章好秀气的牛......
陆吾道：“我记得我说过，陛下说什么不只是说说而已，大宁开业十三年的冬天长安城也有一场暴雪，下了几天几夜，也有民房被压垮。”,天下长宁,第十六章好秀气的牛......
“早朝的时候陛下问人都到齐了吗？到齐了就领上家伙给我一起去除雪修房，那天，才十一岁的太子殿下和八岁的二皇子，六岁的三皇子全都上街干活儿了。”,天下长宁,第十六章好秀气的牛......
“陛下说，百姓们若都能做到自扫门前雪，那百姓就已是好百姓，我对百姓们没有要求，百姓们能顾好自己我就高兴，若能再顾及别人，那我就是天大的高兴，如果到了人人都能顾及别人的时候，那可不只是盛世，那是自古以来都未曾有过的无双盛世！”,天下长宁,第十六章好秀气的牛......
“我给你们做官的提的要求多，就是因为得需要你们给百姓们打个样，告诉百姓们怎么做才会越来越好，况且我对你们要求多了，就能把无能的人筛选下去，把优秀的人提拔上来。”,天下长宁,第十六章好秀气的牛......
“至于你们几个皇子我要求更高，是因为我是皇帝你们是我儿子，他们做官的恪尽职守就够了，你们几个要把天下事都当成家里事，为家里做事，自然要出力更大，也理所当然。”,天下长宁,第十六章好秀气的牛......
一口气说完这么多，陆吾的脸色都有些微微发红。,天下长宁,第十六章好秀气的牛......
“陛下，是我等心中的高山。”,天下长宁,第十六章好秀气的牛......
陆吾说：“陛下在，我们就能看着高山出发，高山在哪儿，我们就往哪儿走。”,天下长宁,第十六章好秀气的牛......
大奎二奎还是不能都听懂，但他俩却都已经激动的呼吸急促起来，胸口起伏着，想说些什么却不知道说些什么。,天下长宁,第十六章好秀气的牛......
叶无坷的眼神里，都是光。,天下长宁,第十六章好秀气的牛......
“对了。”,天下长宁,第十六章好秀气的牛......
陆吾笑道：“那次除雪修房的时候陛下还说，除了我媳妇不必去谁都要去，我媳妇我心疼，我就偏心，可皇后娘娘抓起一把铁锹就出去了，皇后说，陛下心疼我，但我不只是他媳妇儿我还是皇后，我也得给天下女子打个样，难不成还要让天下女子都认为女人就没力气做不了事？”,天下长宁,第十六章好秀气的牛......
叶无坷深吸一口气，清冷的空气吸入胸腔却让体内的血液更为沸腾。,天下长宁,第十六章好秀气的牛......
徐柯在旁边说道：“就在我们来之前的大朝会上，陛下说，大宁要建成什么样的大宁？就得是大宁百姓让其他各国百姓嫉妒的咬牙切齿还得恭恭敬敬的大宁，凡天下人，以身为大宁人而骄傲自豪，以能成为大宁人而骄傲自豪，陛下说，我不希望大宁的百姓走出去都高高在上的往下看人，但我希望大宁的百姓走出去会被人抬头仰望。”,天下长宁,第十六章好秀气的牛......
他们在提到大宁皇帝陛下的时候，每个人眼神里的光都和叶无坷眼神里的光一模一样，那么真挚，那么炽烈。,天下长宁,第十六章好秀气的牛......
谢长逊道：“太子殿下十四岁就被送出长安历练，而且是隐姓埋名，陛下说，大宁各地的百姓都想来长安看看，是想看向上的繁荣，你们必须走出去看看，是要看向下的苦难，多去和更优秀的人接触，是为了让你们明白，你们是皇子，但皇子也会平庸......”,天下长宁,第十六章好秀气的牛......
“陛下对皇子们说，我生而优秀不代表你们生而优秀，要证明你们如我一样，那你们就得走出去证明，皇城很大也只是一口井，长安更大也只是一口更大的井，走出这两口井，才不是井底蛙。”,天下长宁,第十六章好秀气的牛......
谢长逊道：“我们这些人其实有些时候真的自负，觉得自己出身不错且学的多会的多，可是在雁塔书院见过太子一次后我们就醒悟过来，连太子那般优秀到让我们望尘莫及的人都那么谦逊，我们有什么值得自以为是的......”,天下长宁,第十六章好秀气的牛......
陆吾道：“是不是觉得听完这些话，长了一些见识？”,天下长宁,第十六章好秀气的牛......
叶无坷点头。,天下长宁,第十六章好秀气的牛......
徐柯道：“那再送你们一句话，一定要记住。”,天下长宁,第十六章好秀气的牛......
叶无坷立刻肃然道：“请说。”,天下长宁,第十六章好秀气的牛......
徐柯道：“要学会一心多用，再专注的时候也要保持警惕，尤其是若要做军人，更该如此。”,天下长宁,第十六章好秀气的牛......
谢长逊道：“刚才听的专注吗？”,天下长宁,第十六章好秀气的牛......
叶无坷点头：“专注。”,天下长宁,第十六章好秀气的牛......
陆吾道：“所以你并未注意到......包子被我们三个一边说一边吃完了。”,天下长宁,第十六章好秀气的牛......
说完后那三人哈哈大笑，加快脚步朝着城外走去。,天下长宁,第十六章好秀气的牛......
叶无坷看向大奎，大奎看了看自己手里空空的纸包，再看看二奎手里一样空空的纸包，三人对视一眼，也哈哈大笑着跟了上去。,天下长宁,第十六章好秀气的牛......
二奎一边走一边说道：“他们说的真好。”,天下长宁,第十六章好秀气的牛......
叶无坷回应道：“真的好才能说的好，若是假的好说的再好也能知道是假的，她说长安真的好，并没有骗我。”,天下长宁,第十六章好秀气的牛......
二奎道：“妹夫什么意思？”,天下长宁,第十六章好秀气的牛......
大奎给他后脑勺一下：“你真不懂？”,天下长宁,第十六章好秀气的牛......
二奎揉着后脑勺道：“前边懂，后边那句话听着像是他想女人了。”,天下长宁,第十六章好秀气的牛......
叶无坷脸色微红，脚步更快。,天下长宁,第十六章好秀气的牛......
大奎楞了一下后问二奎道：“我怎么没听出来妹夫想女人了？”,天下长宁,第十六章好秀气的牛......
二奎哼了一声：“你连女人都没碰过，你当然听不出来。”,天下长宁,第十六章好秀气的牛......
大奎道：“我怎么没有碰过，前些日子打雪仗的时候，前院妹子拿着个雪球哇哇乱叫，还不是被我一个转身背跨甩出去个屁的了。”,天下长宁,第十六章好秀气的牛......
说到这他楞了一下，然后一把拉住二奎：“你什么时候碰过女人？”,天下长宁,第十六章好秀气的牛......
二奎说：“我也没碰过。”,天下长宁,第十六章好秀气的牛......
大奎问：“那你是怎么就听出来妹夫想女人的？”,天下长宁,第十六章好秀气的牛......
二奎道：“我也不是听出来的，我就看他说那句话的时候眼神挺骚的。”,天下长宁,第十六章好秀气的牛......
大奎挠了挠头发，然后加快脚步：“我也看看去。”,天下长宁,第十六章好秀气的牛......
大概不到一个时辰之后，叶无坷他们总算找到了正在鹅毛河边村子里干活的将军。,天下长宁,第十六章好秀气的牛......
这位如今已是正四品的将军看起来个子不算高，但一身彪悍气息，这般冷的天气只穿着一件单衣干活，身上的头发里的热气不停的冒着。,天下长宁,第十六章好秀气的牛......
叶无坷跟着陆吾到近前的时候，见那位武将军正抡着镐头挖雪，应是渴了，也不招呼手下人拿水，随便抓了一把干净些的雪放嘴里。,天下长宁,第十六章好秀气的牛......
陆吾紧走几步喊了一声武叔，澄潭关边军将军武栋回头看了一眼，然后眼睛就睁大了，把镐头往旁边一放：“少将军！”,天下长宁,第十六章好秀气的牛......
他如今累立军功已与陆吾的父亲同为正四品，可见了陆吾还是脱口而出的少将军。,天下长宁,第十六章好秀气的牛......
陆吾嘿嘿笑，就像是个与父亲阔别许久的长不大的孩子一样，扭着跑过去，一把就把武栋将军抱住转了几圈。,天下长宁,第十六章好秀气的牛......
武栋哈哈大笑，退后两步仔仔细细的打量着陆吾：“竟然这么魁梧了，不赖不赖，这个头儿，比我高了。”,天下长宁,第十六章好秀气的牛......
陆吾道：“不比你高，对得起我吃那么多肉吗，再说，你也不高啊。”,天下长宁,第十六章好秀气的牛......
武栋大笑道：“臭小子，是特意来看我的？”,天下长宁,第十六章好秀气的牛......
陆吾摇头：“要去青州东疆武库看看，顺路来看看你。”,天下长宁,第十六章好秀气的牛......
武栋道：“顺路？”,天下长宁,第十六章好秀气的牛......
陆吾：“也就绕了一千来里，毛毛雨洒洒水。”,天下长宁,第十六章好秀气的牛......
陆吾用自己袖子给武栋擦着额头上的汗水：“一把年纪了还当自己是小伙子儿？！干嘛非得亲自跑出来这么卖力气！”,天下长宁,第十六章好秀气的牛......
武栋道：“谁不来我他妈都要来，澄潭关谁官职最高？这关外的百姓与渤海就隔着一条河，他们本来就天天提心吊胆的过日子，连续几次让他们暂时搬进关内，他们不舍家园，我和王大人都理解......再说，我不许外人让他们受委屈，难道能让自己人让他们受委屈？他妈的我官儿最大，他们看见我就踏实。”,天下长宁,第十六章好秀气的牛......
他在陆吾肩膀上给了一下：“臭小子，这些话都得记着！”,天下长宁,第十六章好秀气的牛......
陆吾笑道：“记着呢记着呢，就故意那么一说。”,天下长宁,第十六章好秀气的牛......
他说话的时候看到了武栋叔叔额头上那道伤疤，于是眼神明显恍惚了一下，很快他的视线就从那道疤痕上离开，如同逃离。,天下长宁,第十六章好秀气的牛......
他岔开话题似的回头指向叶无坷：“武叔，给你介绍个牛逼的！”,天下长宁,第十六章好秀气的牛......
武栋是个粗人，他侧头看了看叶无坷笑道：“好秀气的牛逼啊。”,天下长宁,第十六章好秀气的牛......
武栋是个粗人，他侧头看了看叶无坷笑道：“好秀气的牛逼啊。”,天下长宁,第十七章难民潮
澄潭关将军武栋听陆吾把叶无坷在关外如何惊走东韩人，还干掉了一个东韩将军的事仔细说完后，不由自主的多看了这少年几眼。,天下长宁,第十七章难民潮
他虽是武夫，没读过多少书，可他从来都不是个粗糙之人，能累立军功至正四品云麾将军，哪是光勇猛就行的。,天下长宁,第十七章难民潮
按照大宁军制最高品级的将军是为正三品，称大将军，云麾将军和大将军之间，也只隔着一个从三品,天下长宁,第十七章难民潮
卫将军。,天下长宁,第十七章难民潮
如今驻守各道的战兵称卫，楚时候这里叫做兖州，如今称渔阳道，驻一卫战兵，总计兵力三万六千人。,天下长宁,第十七章难民潮
不过边军不在各卫战兵之内，边军将军武栋也不受卫将军节制。,天下长宁,第十七章难民潮
“杀了辽律一个将军，有何感觉？”,天下长宁,第十七章难民潮
武栋问了叶无坷一个问题。,天下长宁,第十七章难民潮
叶无坷仔细想了想后回答：“好像也没什么感觉，当时只顾着虚张声势，后来又只顾着跑，虚张声势时候只怕自己追的慢，撤退的时候也只怕自己跑得慢，没顾得上有什么感觉。”,天下长宁,第十七章难民潮
武栋又看了他一眼：“不曾回想？”,天下长宁,第十七章难民潮
叶无坷道：“回想的时候只觉得当时冒失了些，该有更好的法子才对，若东韩人没有被唬住，别说救人，大家都会死。”,天下长宁,第十七章难民潮
武栋问：“可想到更好的法子了？”,天下长宁,第十七章难民潮
叶无坷摇头道：“没想到。”,天下长宁,第十七章难民潮
武栋道：“我也想不到。”,天下长宁,第十七章难民潮
陆吾笑问：“武叔，若这事是我干的你觉得牛不牛？”,天下长宁,第十七章难民潮
武栋坦然道：“既说若是，便是你干不出。”,天下长宁,第十七章难民潮
陆吾一撇嘴。,天下长宁,第十七章难民潮
他回头看了看，伙夫已经挑着担子过来，于是把铁镐放在一边，蹲下来用雪搓手：“先吃饭。”,天下长宁,第十七章难民潮
堂堂四品将军，这动作神态和田间干活儿的老农毫无区别。,天下长宁,第十七章难民潮
伙夫把盖着竹筐的棉布掀开，热气一下子就升腾起来，白馒头个顶个的又大又圆又弹又软，一只手根本握不住。,天下长宁,第十七章难民潮
武栋蹲在那一手抓了馒头，一手抓了一个腌的齁咸的芥菜疙瘩，左一口右一口，腮帮子吃的鼓鼓囊囊。,天下长宁,第十七章难民潮
“几年前还吃不上白面馍馍，那时候我带着边军在城外种苞米，还得把苞米棒打碎了和苞米面混在一起吃，即便那样也不敢顿顿吃干饭，一是因为不够吃，二是因为吃那玩意拉不出屎。”,天下长宁,第十七章难民潮
武栋三两口下去，馒头就已经没了一多半。,天下长宁,第十七章难民潮
他指了指河对岸。,天下长宁,第十七章难民潮
“看见那边了吗，现在你要是拿着一袋子苞米面过去就能换个媳妇回来。”,天下长宁,第十七章难民潮
他说完这句后看向叶无坷：“从前年开始，府台王大人就安排咱们这边的人时不时给对面穷苦村子送去些苞米面，可咱不要他们的女人，啥也不要，他们那边有人管王大人叫菩萨。”,天下长宁,第十七章难民潮
叶无坷道：“所以不管对面有什么风吹草动，菩萨就能未卜先知。”,天下长宁,第十七章难民潮
“哈哈哈哈哈！”,天下长宁,第十七章难民潮
武栋大笑着说道：“你确实很好。”,天下长宁,第十七章难民潮
说完这几个字武栋就把视线转向陆吾，似乎是在等着陆吾说些什么，而陆吾却只是嘿嘿笑，好像叶无坷被武将军夸一句比他自己被夸还要高兴。,天下长宁,第十七章难民潮
武栋示意叶无坷继续吃，他给了陆吾一个眼神，陆吾立刻明白是什么意思，起身跟着武栋走远。,天下长宁,第十七章难民潮
“武叔，我知道你想说什么。”,天下长宁,第十七章难民潮
陆吾笑呵呵的说道：“刚才武叔说你确实很好那句话的时候看我，就等着我直接向你举荐叶无坷对不对？”,天下长宁,第十七章难民潮
武栋道：“你带着他见我，不就是想向我举荐？”,天下长宁,第十七章难民潮
陆吾摇头道：“我带着他来见见武叔，是提前让武叔记住这个人，武叔还不了解那个小家伙，虽然我认识他也没多久，可他什么性情我已算深知......”,天下长宁,第十七章难民潮
他感慨道：“那是一个你对他一分好，他就时刻想着十分报答你的家伙啊......刚才我若直接提出来，武叔定然会把他留下，而他不管愿意还是不愿意，都不会驳了我的面子选择留下，可这样不好。”,天下长宁,第十七章难民潮
武栋笑起来，眼神里都是欣慰，是那种长辈看着熊孩子终于长大了懂事了的欣慰，满眼都是喜欢。,天下长宁,第十七章难民潮
陆吾继续说道：“他家里还有个年迈多病的阿爷，那是个孝顺的家伙。”,天下长宁,第十七章难民潮
武栋道：“你是觉得这个家伙前途不可限量，所以不想让他将来落在别人手里，提前介绍认识，是为了让将来好先下手为强。”,天下长宁,第十七章难民潮
陆吾嘿嘿笑道：“这么好的苗子，我肯定先想着武叔你。”,天下长宁,第十七章难民潮
武栋点头：“我本想把他留下做亲兵，你从长安来，应该比我消息灵通，而我只是揣测......”,天下长宁,第十七章难民潮
他看了看渤海那边：“朝廷应该快有个决定了，尤其是碰上你们这几个胆大包天的家伙，居然把渤海二皇子带回大宁，那朝廷出兵也就名正言顺......只要动兵，边军先出，我手下的人功劳自不会少了。”,天下长宁,第十七章难民潮
陆吾知道武叔是还想留下那小子，他不好明着再替叶无坷拒绝，而是打岔道：“做亲兵？那小子好大的福气，我想给武叔做亲兵都没那好命......哼，嫉妒让我嘴脸丑陋！”,天下长宁,第十七章难民潮
武栋瞥了他一眼：“我给将军写信要你过来怎么样？”,天下长宁,第十七章难民潮
陆吾笑道：“你写，只要你写了我就来。”,天下长宁,第十七章难民潮
武栋道：“我先写信跟你爹说你私自去渤海的事，你看他会不会打断你的腿？”,天下长宁,第十七章难民潮
陆吾道：“我爹什么干不出来，但是武叔你和他不一样啊。”,天下长宁,第十七章难民潮
武栋笑了笑后说道：“将军就你一个儿子，你就老老实实去东疆武库，学业两年，到时虽赶不上渤海之战，将来也是前途不可限量，好好的学，别辜负你爹期望。”,天下长宁,第十七章难民潮
陆吾笑道：“我知道。”,天下长宁,第十七章难民潮
然后他压低声音说道：“那小子也想去东疆武库，不过不想让我举荐而是想自己考取。”,天下长宁,第十七章难民潮
武栋看向陆吾，陆吾笑道：“他在他们村叫二傻，我觉得他不是二傻，他是大傻。”,天下长宁,第十七章难民潮
武栋恍然大悟道：“这小子真的那般好？你绕来绕去，原来是想让我悄悄的和东疆武库打个招呼，你不想让叶无坷感念你的人情，所以让我帮他，想帮人还不想让人念着你好，你也是二傻。”,天下长宁,第十七章难民潮
陆吾道：“果然啊，我这从小跟着武叔长大的，什么小心思也瞒不住你，一眼就能把我看的清清楚楚。”,天下长宁,第十七章难民潮
说完这句话他深吸一口气：“武叔，是救命之恩。”,天下长宁,第十七章难民潮
武栋沉默片刻，点头：“你该知道大宁立国之后严禁私情授受，但这件事......我可以答应你，与你那救命之恩倒也不相干。”,天下长宁,第十七章难民潮
陆吾使劲儿点头，然后抱着武栋胳膊嬉皮笑脸道：“求我爹都不如求武叔，下辈子选爹我就选你，我那个爹，咱不要他！”,天下长宁,第十七章难民潮
武栋抬脚在陆吾屁股上轻轻给了一下，陆吾嘿嘿傻笑。,天下长宁,第十七章难民潮
他拉着武栋手臂说道：“还有件事得求武叔，我们来时马给了同袍，要去青州那么远，得向武叔借三匹战马。”,天下长宁,第十七章难民潮
武栋微微一怔，然后叹了口气道：“大宁战马奇缺，东北边关更缺，我若说只有我一人有战马你信吗？”,天下长宁,第十七章难民潮
陆吾听完这句话脸色都变了：“边关，只有武叔一人有战马？”,天下长宁,第十七章难民潮
武栋刚要说话，忽然听到有阵阵示警号角，这位领兵多年的将军立刻快步走向高处，手搭凉棚往东边眺望。,天下长宁,第十七章难民潮
叶无坷也听到了示警立刻起身，喊了大奎二奎往陆吾他们这边汇合过来。,天下长宁,第十七章难民潮
到近前出叶无坷问道：“怎么回事？”,天下长宁,第十七章难民潮
陆吾摇头：“还不清楚，示警号角是最外围警戒所发。”,天下长宁,第十七章难民潮
叶无坷道：“不应该......若渤海那边有变，王大人安排的内应怎么没有报信？直到外围示警我们才知道？”,天下长宁,第十七章难民潮
他话才说完，就听到武栋已经在大声下令了。,天下长宁,第十七章难民潮
“吹角，让巨鹿营，陷阵营，两营兵马出前结阵戒备。”,天下长宁,第十七章难民潮
声音一落，号角声就已经响了起来。,天下长宁,第十七章难民潮
正散落在各处休息吃饭的两营边军立刻就聚集起来，速度之快让叶无坷看的心中震撼无比。,天下长宁,第十七章难民潮
一营三百六十余人分散在村落各处，短短时间内就已归建。,天下长宁,第十七章难民潮
“传令！”,天下长宁,第十七章难民潮
武栋继续下令道：“让破阵营把所有百姓都向城关方向转移，力求不漏一人。”,天下长宁,第十七章难民潮
“呼！”,天下长宁,第十七章难民潮
传令兵应了一声，转身飞奔而出。,天下长宁,第十七章难民潮
武栋转身看向陆吾和叶无坷道：“去帮忙，让乡亲们入关。”,天下长宁,第十七章难民潮
不等陆吾和叶无坷两人答应，武栋已经大步走向不远处的战马，他一边走一边吩咐道：“聂璞，骑我的马赶回城关，让铁虎营和辅兵全都上城戒备！”,天下长宁,第十七章难民潮
短短片刻武栋就已经安排妥当，话说完的那一刻人已经走到战马旁边。,天下长宁,第十七章难民潮
他的两名亲兵动作极为利索的将战甲从马背上搬下来，武栋张开双臂，两人迅速为武栋将甲胄穿戴整齐，没有一丝一毫的拖泥带水。,天下长宁,第十七章难民潮
武栋穿甲之后，一名亲兵已经将他陌刀递过来，伸手接过兵器，武栋大步前行。,天下长宁,第十七章难民潮
“跟我去看看！”,天下长宁,第十七章难民潮
亲兵队三十几人，除了回城传令的队正聂璞之外尽数跟了上去，看起来随意，可行走之际三十几人已成锋矢阵列。,天下长宁,第十七章难民潮
叶无坷看着那位个子不高但威望无匹的将军逆着人潮向前的时候，心中那股热血又一次被点燃起来。,天下长宁,第十七章难民潮
无法说清楚那到底是一种什么感觉，只觉得男子汉大丈夫生于天地之间就该如武栋将军那样豪迈壮阔。,天下长宁,第十七章难民潮
陆吾拉了叶无坷一把：“这里不用你和大奎二奎，可能有敌情，你们随乡亲们一同入关，半路上也能帮助维持秩序。”,天下长宁,第十七章难民潮
叶无坷笑道：“就算真有敌情需要到我跑的时候，纵是比你后跑也比你跑的更快。”,天下长宁,第十七章难民潮
他招呼大奎二奎去劝说乡亲们往城关方向撤离，只是一时之间怎么可能那般顺利。,天下长宁,第十七章难民潮
村民们习惯了跑之前先要带上家里比较贵重的东西，有些人甚至还特意往墙头上爬想先看看到底是怎么个事。,天下长宁,第十七章难民潮
最前边，武栋大步而行，几名斥候喘着粗气赶回来，为首的斥候队正见到武栋立刻汇报：“从渤海方向来了数不清的难民，衣衫褴褛蓬头垢面，密密麻麻的，看起来倒是杂乱无章并无队列。”,天下长宁,第十七章难民潮
武栋自然清楚自己手下这些斥候是什么实力，所以没有急着发问，斥候既然示警，必然有示警道理。,天下长宁,第十七章难民潮
斥候队正大声道：“属下仔细看过，那么多难民，跑的极快，而且，未见一个女人和孩子。”,天下长宁,第十七章难民潮
武栋回头看了一眼，眉头微微皱起，百姓们好像并不是尽全力在加速离开，所以要把这附近三个村子的百姓都转移到关内不是一时半会儿的事。,天下长宁,第十七章难民潮
“继续吹角，催促破阵营转移百姓。”,天下长宁,第十七章难民潮
武栋说话的时候伸手拿过来千里眼，斥候所说的大批难民已经出现在鹅毛河对面。,天下长宁,第十七章难民潮
鹅毛河河面已经大冻，直接跑过来不是问题，这个距离，跑得快的难民只需一刻就能冲到河这边来。,天下长宁,第十七章难民潮
“放鸣镝！”,天下长宁,第十七章难民潮
武栋一声令下。,天下长宁,第十七章难民潮
三支带着尖锐声音的羽箭斜着爬高，声音穿透的速度快的天空都没有反应过来。,天下长宁,第十七章难民潮
片刻之后，那三支鸣镝落在对面，这声音确实让渤海国难民速度为之一顿，可只片刻后，随着那边有人呼喊了几句什么，那些难民再次加速。,天下长宁,第十七章难民潮
“赌我不敢放箭？”,天下长宁,第十七章难民潮
武栋眉角一扬。,天下长宁,第十七章难民潮
“两营弓箭手向前，刀兵在后，放标箭，越线者杀！”,天下长宁,第十七章难民潮
随着他一声令下，巨鹿营和陷阵营七百多名战兵立刻行动起来，两营弓箭手出前，大概二百余人将硬弓拉开。,天下长宁,第十七章难民潮
就在这一刻，武栋忽然回头问道：“左右两出的斥候回来没有？”,天下长宁,第十七章难民潮
话音才落，就看到南北两侧都有黑压压的人群过来，更多的难民竟是已经从远处过河，三个方向的来人朝着这边涨潮一样卷了过来。,天下长宁,第十七章难民潮
话音才落，就看到南北两侧都有黑压压的人群过来，更多的难民竟是已经从远处过河，三个方向的来人朝着这边涨潮一样卷了过来。,天下长宁,
